"Username","participant ethnicity","Procedure.Procedure.Notes","Procedure.Shuffle","response"
"6298813270372901ADA","Black","External","EM_IM","2"
"6298813270372901ADA","Black","Manip_check","EM_IM","1"
"6298813270372901ADA","Black","Interal","EM_IM","4"
"6298813270372901ADA","Black","External","EM_IM","2"
"6298813270372901ADA","Black","Pos","ATW","3"
"6298813270372901ADA","Black","","ContactQ","12"
"6298813270372901ADA","Black","Interal","EM_IM","4"
"6298813270372901ADA","Black","Manip_check","ATW","1"
"6298813270372901ADA","Black","Neg","ATW","1"
"6298813270372901ADA","Black","Neg","ATW","1"
"6298813270372901ADA","Black","Pos","ATW","3"
"6298813270372901ADA","Black","Pos","ATW","5"
"6298813270372901ADA","Black","Manip_check","ATW","5"
"6298813270372901ADA","Black","Pos","ATW","3"
"6298813270372901ADA","Black","Neg","ATW","4"
"6298813270372901ADA","Black","Neg","ATW","4"
"6298813270372901ADA","Black","Neg","ATB","5"
"6298813270372901ADA","Black","Manip_check","ATB","1"
"6298813270372901ADA","Black","Pos","ATB","1"
"6298813270372901ADA","Black","Pos","ATB","2"
"6298813270372901ADA","Black","Neg","ATB","1"
"6298813270372901ADA","Black","Pos","ATB","1"
"6298813270372901ADA","Black","Neg","ATB","4"
"6298813270372901ADA","Black","Neg","ATB","5"
"6298813270372901ADA","Black","Neg","ATB","5"
"6298813270372901ADA","Black","Manip_check","ATB","5"
"6298813270372901ADA","Black","External","EM_IM","2"
"6298813270372901ADA","Black","Interal","EM_IM","4"
"6298813270372901ADA","Black","Interal","EM_IM","4"
"6298813270372901ADA","Black","External","EM_IM","2"
"6298813270372901ADA","Black","Manip_check","EM_IM","5"
"6298813270372901ADA","Black","Interal","EM_IM","5"
"6298813270372901ADA","Black","External","EM_IM","3"
"6298813270372901ADA","Black","Pos","ATW","5"
"6298813270372901ADA","Black","Pos","ATB","2"
"6298813270372901ADA","Black","Neg","ATB","5"
"6298813270372901ADA","Black","Pos","ATW","4"
"j00867279KS","Black","Pos","ATW","1"
"j00867279KS","Black","Pos","ATW","3"
"j00867279KS","Black","Interal","EM_IM","3"
"j00867279KS","Black","Interal","EM_IM","5"
"j00867279KS","Black","Interal","EM_IM","5"
"j00867279KS","Black","Manip_check","EM_IM","5"
"j00867279KS","Black","Manip_check","ATB","1"
"j00867279KS","Black","Pos","ATB","1"
"j00867279KS","Black","Manip_check","ATB","5"
"j00867279KS","Black","Neg","ATB","5"
"j00867279KS","Black","External","EM_IM","3"
"j00867279KS","Black","External","EM_IM","3"
"j00867279KS","Black","Interal","EM_IM","5"
"j00867279KS","Black","Neg","ATB","1"
"j00867279KS","Black","Neg","ATB","5"
"j00867279KS","Black","Manip_check","EM_IM","1"
"j00867279KS","Black","External","EM_IM","1"
"j00867279KS","Black","Pos","ATB","1"
"j00867279KS","Black","Pos","ATB","3"
"j00867279KS","Black","Neg","ATB","5"
"j00867279KS","Black","Neg","ATW","3"
"j00867279KS","Black","Neg","ATW","5"
"j00867279KS","Black","Pos","ATW","5"
"j00867279KS","Black","Neg","ATW","3"
"j00867279KS","Black","Manip_check","ATW","5"
"j00867279KS","Black","Pos","ATW","3"
"j00867279KS","Black","Pos","ATW","3"
"j00867279KS","Black","Manip_check","ATW","1"
"j00867279KS","Black","Pos","ATW","3"
"j00867279KS","Black","External","EM_IM","5"
"j00867279KS","Black","","ContactQ","6"
"j00867279KS","Black","Neg","ATB","5"
"j00867279KS","Black","Neg","ATW","5"
"j00867279KS","Black","External","EM_IM","5"
"j00867279KS","Black","Neg","ATB","5"
"j00867279KS","Black","Interal","EM_IM","5"
"j00867279KS","Black","Pos","ATB","1"
"J00892472B.O.","Black","Pos","ATW","5"
"J00892472B.O.","Black","External","EM_IM","1"
"J00892472B.O.","Black","External","EM_IM","1"
"J00892472B.O.","Black","Manip_check","EM_IM","5"
"J00892472B.O.","Black","Pos","ATW","1"
"J00892472B.O.","Black","Pos","ATW","5"
"J00892472B.O.","Black","Pos","ATB","2"
"J00892472B.O.","Black","Manip_check","ATB","1"
"J00892472B.O.","Black","Interal","EM_IM","5"
"J00892472B.O.","Black","Interal","EM_IM","5"
"J00892472B.O.","Black","Manip_check","ATW","5"
"J00892472B.O.","Black","Manip_check","ATB","5"
"J00892472B.O.","Black","Manip_check","ATW","1"
"J00892472B.O.","Black","Neg","ATB","5"
"J00892472B.O.","Black","Neg","ATB","5"
"J00892472B.O.","Black","Neg","ATW","1"
"J00892472B.O.","Black","Pos","ATW","4"
"J00892472B.O.","Black","External","EM_IM","1"
"J00892472B.O.","Black","External","EM_IM","5"
"J00892472B.O.","Black","Manip_check","EM_IM","1"
"J00892472B.O.","Black","Pos","ATB","1"
"J00892472B.O.","Black","Neg","ATB","5"
"J00892472B.O.","Black","Neg","ATB","5"
"J00892472B.O.","Black","Pos","ATB","1"
"J00892472B.O.","Black","Neg","ATW","4"
"J00892472B.O.","Black","External","EM_IM","1"
"J00892472B.O.","Black","Neg","ATB","5"
"J00892472B.O.","Black","","ContactQ","6"
"J00892472B.O.","Black","Interal","EM_IM","4"
"J00892472B.O.","Black","Pos","ATW","2"
"J00892472B.O.","Black","Neg","ATW","3"
"J00892472B.O.","Black","Interal","EM_IM","2"
"J00892472B.O.","Black","Neg","ATW","3"
"J00892472B.O.","Black","Pos","ATW","1"
"J00892472B.O.","Black","Neg","ATB","1"
"J00892472B.O.","Black","Pos","ATB","1"
"J00892472B.O.","Black","Interal","EM_IM","2"
"j00896894","Black","Neg","ATB","1"
"j00896894","Black","Neg","ATB","5"
"j00896894","Black","Neg","ATW","1"
"j00896894","Black","Pos","ATW","5"
"j00896894","Black","Neg","ATB","1"
"j00896894","Black","External","EM_IM","1"
"j00896894","Black","Interal","EM_IM","5"
"j00896894","Black","Interal","EM_IM","1"
"j00896894","Black","Pos","ATB","1"
"j00896894","Black","Neg","ATB","5"
"j00896894","Black","Pos","ATB","1"
"j00896894","Black","Manip_check","ATB","5"
"j00896894","Black","Manip_check","ATB","1"
"j00896894","Black","Neg","ATB","5"
"j00896894","Black","Pos","ATB","1"
"j00896894","Black","Pos","ATB","1"
"j00896894","Black","Neg","ATB","3"
"j00896894","Black","","ContactQ","24 hours "
"j00896894","Black","External","EM_IM","1"
"j00896894","Black","External","EM_IM","1"
"j00896894","Black","Interal","EM_IM","1"
"j00896894","Black","Manip_check","EM_IM","5"
"j00896894","Black","External","EM_IM","1"
"j00896894","Black","Interal","EM_IM","5"
"j00896894","Black","Interal","EM_IM","1"
"j00896894","Black","Manip_check","EM_IM","1"
"j00896894","Black","Pos","ATW","5"
"j00896894","Black","Pos","ATW","5"
"j00896894","Black","Pos","ATW","3"
"j00896894","Black","External","EM_IM","1"
"j00896894","Black","Pos","ATW","1"
"j00896894","Black","Manip_check","ATW","1"
"j00896894","Black","Neg","ATW","1"
"j00896894","Black","Pos","ATW","5"
"j00896894","Black","Neg","ATW","1"
"j00896894","Black","Neg","ATW","1"
"j00896894","Black","Manip_check","ATW","5"
"j00900405J.B","Black","Neg","ATW","2"
"j00900405J.B","Black","Pos","ATW","2"
"j00900405J.B","Black","Pos","ATB","1"
"j00900405J.B","Black","Neg","ATB","5"
"j00900405J.B","Black","Pos","ATB","2"
"j00900405J.B","Black","Manip_check","ATW","1"
"j00900405J.B","Black","Manip_check","EM_IM","1"
"j00900405J.B","Black","External","EM_IM","5"
"j00900405J.B","Black","Neg","ATB","5"
"j00900405J.B","Black","Neg","ATB","4"
"j00900405J.B","Black","Interal","EM_IM","5"
"j00900405J.B","Black","External","EM_IM","3"
"j00900405J.B","Black","","ContactQ","1 hour"
"j00900405J.B","Black","External","EM_IM","3"
"j00900405J.B","Black","Neg","ATB","5"
"j00900405J.B","Black","Pos","ATW","2"
"j00900405J.B","Black","Pos","ATW","4"
"j00900405J.B","Black","Neg","ATW","1"
"j00900405J.B","Black","Manip_check","ATW","5"
"j00900405J.B","Black","Pos","ATW","4"
"j00900405J.B","Black","Neg","ATW","4"
"j00900405J.B","Black","Pos","ATB","1"
"j00900405J.B","Black","Pos","ATB","1"
"j00900405J.B","Black","Pos","ATW","3"
"j00900405J.B","Black","Pos","ATW","4"
"j00900405J.B","Black","Interal","EM_IM","4"
"j00900405J.B","Black","External","EM_IM","2"
"j00900405J.B","Black","Manip_check","ATB","1"
"j00900405J.B","Black","Manip_check","ATB","5"
"j00900405J.B","Black","Manip_check","EM_IM","5"
"j00900405J.B","Black","Neg","ATB","2"
"j00900405J.B","Black","Interal","EM_IM","4"
"j00900405J.B","Black","External","EM_IM","3"
"j00900405J.B","Black","Interal","EM_IM","5"
"j00900405J.B","Black","Neg","ATB","5"
"j00900405J.B","Black","Neg","ATW","2"
"j00900405J.B","Black","Interal","EM_IM","4"
"J0090373JB","Black","Neg","ATW","2"
"J0090373JB","Black","Interal","EM_IM","4"
"J0090373JB","Black","Interal","EM_IM","3"
"J0090373JB","Black","External","EM_IM","2"
"J0090373JB","Black","Pos","ATB","2"
"J0090373JB","Black","External","EM_IM","1"
"J0090373JB","Black","Manip_check","ATW","1"
"J0090373JB","Black","Neg","ATW","3"
"J0090373JB","Black","Pos","ATB","1"
"J0090373JB","Black","Neg","ATB","4"
"J0090373JB","Black","Pos","ATB","3"
"J0090373JB","Black","Pos","ATW","4"
"J0090373JB","Black","Neg","ATW","3"
"J0090373JB","Black","Interal","EM_IM","4"
"J0090373JB","Black","Pos","ATW","5"
"J0090373JB","Black","Neg","ATB","5"
"J0090373JB","Black","Pos","ATW","2"
"J0090373JB","Black","Neg","ATB","2"
"J0090373JB","Black","Manip_check","ATB","5"
"J0090373JB","Black","Pos","ATW","5"
"J0090373JB","Black","Pos","ATB","1"
"J0090373JB","Black","Neg","ATB","5"
"J0090373JB","Black","External","EM_IM","2"
"J0090373JB","Black","Interal","EM_IM","4"
"J0090373JB","Black","Interal","EM_IM","2"
"J0090373JB","Black","Neg","ATB","4"
"J0090373JB","Black","External","EM_IM","2"
"J0090373JB","Black","Manip_check","EM_IM","1"
"J0090373JB","Black","External","EM_IM","1"
"J0090373JB","Black","Manip_check","EM_IM","5"
"J0090373JB","Black","","ContactQ","5"
"J0090373JB","Black","Neg","ATW","1"
"J0090373JB","Black","Pos","ATW","3"
"J0090373JB","Black","Manip_check","ATW","5"
"J0090373JB","Black","Neg","ATB","5"
"J0090373JB","Black","Pos","ATW","5"
"J0090373JB","Black","Manip_check","ATB","1"
"J00908264LN","Black","Pos","ATW","5"
"J00908264LN","Black","Pos","ATB","1"
"J00908264LN","Black","Manip_check","ATB","1"
"J00908264LN","Black","Manip_check","ATW","5"
"J00908264LN","Black","Pos","ATW","1"
"J00908264LN","Black","Neg","ATW","1"
"J00908264LN","Black","Neg","ATB","5"
"J00908264LN","Black","Pos","ATB","1"
"J00908264LN","Black","Interal","EM_IM","5"
"J00908264LN","Black","Manip_check","ATB","5"
"J00908264LN","Black","Pos","ATW","5"
"J00908264LN","Black","Neg","ATW","1"
"J00908264LN","Black","Pos","ATW","5"
"J00908264LN","Black","External","EM_IM","1"
"J00908264LN","Black","Interal","EM_IM","4"
"J00908264LN","Black","External","EM_IM","1"
"J00908264LN","Black","Manip_check","EM_IM","1"
"J00908264LN","Black","Manip_check","EM_IM","5"
"J00908264LN","Black","Neg","ATB","5"
"J00908264LN","Black","Pos","ATW","5"
"J00908264LN","Black","Neg","ATW","1"
"J00908264LN","Black","Neg","ATB","5"
"J00908264LN","Black","Neg","ATW","1"
"J00908264LN","Black","Pos","ATW","5"
"J00908264LN","Black","Pos","ATB","1"
"J00908264LN","Black","Interal","EM_IM","5"
"J00908264LN","Black","Neg","ATB","1"
"J00908264LN","Black","Neg","ATB","5"
"J00908264LN","Black","Interal","EM_IM","5"
"J00908264LN","Black","Interal","EM_IM","5"
"J00908264LN","Black","External","EM_IM","1"
"J00908264LN","Black","Manip_check","ATW","1"
"J00908264LN","Black","Pos","ATB","1"
"J00908264LN","Black","External","EM_IM","1"
"J00908264LN","Black","","ContactQ","0"
"J00908264LN","Black","Neg","ATB","5"
"J00908264LN","Black","External","EM_IM","1"
"J00914039Z.R.","Black","Pos","ATW","3"
"J00914039Z.R.","Black","External","EM_IM","5"
"J00914039Z.R.","Black","Interal","EM_IM","5"
"J00914039Z.R.","Black","Neg","ATW","2"
"J00914039Z.R.","Black","External","EM_IM","5"
"J00914039Z.R.","Black","Manip_check","ATW","5"
"J00914039Z.R.","Black","Manip_check","ATW","1"
"J00914039Z.R.","Black","Neg","ATB","5"
"J00914039Z.R.","Black","Neg","ATB","5"
"J00914039Z.R.","Black","Manip_check","EM_IM","1"
"J00914039Z.R.","Black","Manip_check","ATB","5"
"J00914039Z.R.","Black","Manip_check","ATB","1"
"J00914039Z.R.","Black","Neg","ATW","5"
"J00914039Z.R.","Black","Pos","ATB","1"
"J00914039Z.R.","Black","Pos","ATB","3"
"J00914039Z.R.","Black","Interal","EM_IM","5"
"J00914039Z.R.","Black","Interal","EM_IM","5"
"J00914039Z.R.","Black","Neg","ATB","5"
"J00914039Z.R.","Black","Pos","ATW","3"
"J00914039Z.R.","Black","Neg","ATW","5"
"J00914039Z.R.","Black","Pos","ATW","3"
"J00914039Z.R.","Black","Neg","ATW","1"
"J00914039Z.R.","Black","Pos","ATW","4"
"J00914039Z.R.","Black","External","EM_IM","3"
"J00914039Z.R.","Black","External","EM_IM","5"
"J00914039Z.R.","Black","","ContactQ","10"
"J00914039Z.R.","Black","Neg","ATB","5"
"J00914039Z.R.","Black","Manip_check","EM_IM","5"
"J00914039Z.R.","Black","Interal","EM_IM","5"
"J00914039Z.R.","Black","Pos","ATW","4"
"J00914039Z.R.","Black","External","EM_IM","5"
"J00914039Z.R.","Black","Neg","ATB","5"
"J00914039Z.R.","Black","Neg","ATB","5"
"J00914039Z.R.","Black","Pos","ATB","1"
"J00914039Z.R.","Black","Pos","ATB","1"
"J00914039Z.R.","Black","Interal","EM_IM","5"
"J00914039Z.R.","Black","Pos","ATW","4"
"J009143cb","Black","","ContactQ","1"
"J009143cb","Black","Neg","ATW","2"
"J009143cb","Black","Pos","ATW","4"
"J009143cb","Black","Interal","EM_IM","4"
"J009143cb","Black","Manip_check","EM_IM","5"
"J009143cb","Black","Interal","EM_IM","3"
"J009143cb","Black","Interal","EM_IM","3"
"J009143cb","Black","Manip_check","EM_IM","1"
"J009143cb","Black","Manip_check","ATB","5"
"J009143cb","Black","Neg","ATB","4"
"J009143cb","Black","Pos","ATW","3"
"J009143cb","Black","Pos","ATW","4"
"J009143cb","Black","Pos","ATB","2"
"J009143cb","Black","Neg","ATB","4"
"J009143cb","Black","External","EM_IM","3"
"J009143cb","Black","Pos","ATB","2"
"J009143cb","Black","Neg","ATW","2"
"J009143cb","Black","Interal","EM_IM","4"
"J009143cb","Black","External","EM_IM","2"
"J009143cb","Black","Pos","ATB","2"
"J009143cb","Black","External","EM_IM","1"
"J009143cb","Black","External","EM_IM","2"
"J009143cb","Black","Neg","ATW","3"
"J009143cb","Black","Manip_check","ATB","1"
"J009143cb","Black","Manip_check","ATW","1"
"J009143cb","Black","Neg","ATW","3"
"J009143cb","Black","Manip_check","ATW","5"
"J009143cb","Black","Pos","ATW","3"
"J009143cb","Black","External","EM_IM","3"
"J009143cb","Black","Interal","EM_IM","3"
"J009143cb","Black","Pos","ATW","2"
"J009143cb","Black","Neg","ATB","4"
"J009143cb","Black","Neg","ATB","4"
"J009143cb","Black","Neg","ATB","4"
"J009143cb","Black","Pos","ATB","2"
"J009143cb","Black","Pos","ATW","4"
"J009143cb","Black","Neg","ATB","3"
"J00924332TJ","Black","Pos","ATW","3"
"J00924332TJ","Black","External","EM_IM","2"
"J00924332TJ","Black","Manip_check","EM_IM","1"
"J00924332TJ","Black","Neg","ATB","5"
"J00924332TJ","Black","Neg","ATW","3"
"J00924332TJ","Black","Pos","ATB","2"
"J00924332TJ","Black","","ContactQ","0"
"J00924332TJ","Black","Neg","ATB","5"
"J00924332TJ","Black","External","EM_IM","2"
"J00924332TJ","Black","Pos","ATB","2"
"J00924332TJ","Black","Neg","ATB","5"
"J00924332TJ","Black","Neg","ATW","2"
"J00924332TJ","Black","Manip_check","ATB","1"
"J00924332TJ","Black","External","EM_IM","2"
"J00924332TJ","Black","Pos","ATW","4"
"J00924332TJ","Black","Neg","ATW","3"
"J00924332TJ","Black","Manip_check","ATW","5"
"J00924332TJ","Black","Manip_check","ATW","1"
"J00924332TJ","Black","Interal","EM_IM","5"
"J00924332TJ","Black","Interal","EM_IM","5"
"J00924332TJ","Black","Manip_check","ATB","5"
"J00924332TJ","Black","Pos","ATW","5"
"J00924332TJ","Black","External","EM_IM","1"
"J00924332TJ","Black","External","EM_IM","3"
"J00924332TJ","Black","Pos","ATW","2"
"J00924332TJ","Black","Interal","EM_IM","5"
"J00924332TJ","Black","Neg","ATW","4"
"J00924332TJ","Black","Neg","ATB","2"
"J00924332TJ","Black","Pos","ATW","4"
"J00924332TJ","Black","Neg","ATB","5"
"J00924332TJ","Black","Pos","ATB","1"
"J00924332TJ","Black","Pos","ATW","4"
"J00924332TJ","Black","Manip_check","EM_IM","5"
"J00924332TJ","Black","Neg","ATB","5"
"J00924332TJ","Black","Pos","ATB","1"
"J00924332TJ","Black","Interal","EM_IM","5"
"J00924332TJ","Black","Interal","EM_IM","5"
"J00926853EC","Black","External","EM_IM","3"
"J00926853EC","Black","Neg","ATW","1"
"J00926853EC","Black","Manip_check","ATB","5"
"J00926853EC","Black","Manip_check","EM_IM","5"
"J00926853EC","Black","Neg","ATB","5"
"J00926853EC","Black","External","EM_IM","3"
"J00926853EC","Black","Neg","ATW","3"
"J00926853EC","Black","Manip_check","ATW","1"
"J00926853EC","Black","Pos","ATW","3"
"J00926853EC","Black","Neg","ATB","5"
"J00926853EC","Black","Neg","ATB","5"
"J00926853EC","Black","Neg","ATW","1"
"J00926853EC","Black","Manip_check","ATB","1"
"J00926853EC","Black","Interal","EM_IM","5"
"J00926853EC","Black","Neg","ATW","5"
"J00926853EC","Black","External","EM_IM","3"
"J00926853EC","Black","External","EM_IM","5"
"J00926853EC","Black","Neg","ATB","5"
"J00926853EC","Black","Pos","ATW","3"
"J00926853EC","Black","Neg","ATB","1"
"J00926853EC","Black","Pos","ATB","3"
"J00926853EC","Black","","ContactQ","about 12 hours"
"J00926853EC","Black","Pos","ATW","5"
"J00926853EC","Black","Manip_check","EM_IM","1"
"J00926853EC","Black","Pos","ATW","5"
"J00926853EC","Black","Interal","EM_IM","3"
"J00926853EC","Black","Interal","EM_IM","5"
"J00926853EC","Black","Pos","ATB","3"
"J00926853EC","Black","External","EM_IM","3"
"J00926853EC","Black","Interal","EM_IM","5"
"J00926853EC","Black","Pos","ATW","5"
"J00926853EC","Black","Pos","ATB","1"
"J00926853EC","Black","Interal","EM_IM","5"
"J00926853EC","Black","Pos","ATW","3"
"J00926853EC","Black","Pos","ATB","1"
"J00926853EC","Black","Manip_check","ATW","5"
"J00926853EC","Black","Neg","ATB","5"
"J00934210CC","Black","External","EM_IM","1"
"J00934210CC","Black","Neg","ATB","5"
"J00934210CC","Black","Neg","ATB","3"
"J00934210CC","Black","Interal","EM_IM","5"
"J00934210CC","Black","External","EM_IM","5"
"J00934210CC","Black","Manip_check","ATB","5"
"J00934210CC","Black","Pos","ATB","2"
"J00934210CC","Black","Pos","ATW","3"
"J00934210CC","Black","Neg","ATW","3"
"J00934210CC","Black","Pos","ATW","2"
"J00934210CC","Black","Manip_check","ATW","1"
"J00934210CC","Black","Neg","ATW","5"
"J00934210CC","Black","Manip_check","ATW","5"
"J00934210CC","Black","Pos","ATW","2"
"J00934210CC","Black","Pos","ATW","2"
"J00934210CC","Black","Pos","ATW","4"
"J00934210CC","Black","Neg","ATW","3"
"J00934210CC","Black","Neg","ATB","5"
"J00934210CC","Black","Pos","ATW","2"
"J00934210CC","Black","Neg","ATW","5"
"J00934210CC","Black","External","EM_IM","5"
"J00934210CC","Black","External","EM_IM","1"
"J00934210CC","Black","Pos","ATB","1"
"J00934210CC","Black","Neg","ATB","5"
"J00934210CC","Black","Interal","EM_IM","5"
"J00934210CC","Black","Interal","EM_IM","3"
"J00934210CC","Black","Interal","EM_IM","3"
"J00934210CC","Black","Interal","EM_IM","5"
"J00934210CC","Black","External","EM_IM","3"
"J00934210CC","Black","","ContactQ","I am a cashier, so I tend to interact with many races for 8 hours out of my day when working."
"J00934210CC","Black","Manip_check","ATB","1"
"J00934210CC","Black","Manip_check","EM_IM","1"
"J00934210CC","Black","Neg","ATB","5"
"J00934210CC","Black","Manip_check","EM_IM","5"
"J00934210CC","Black","Pos","ATB","3"
"J00934210CC","Black","Pos","ATB","2"
"J00934210CC","Black","Neg","ATB","5"
"J00945071ih","Black","Pos","ATW","1"
"J00945071ih","Black","Pos","ATW","5"
"J00945071ih","Black","Manip_check","ATW","5"
"J00945071ih","Black","Pos","ATB","1"
"J00945071ih","Black","Neg","ATW","1"
"J00945071ih","Black","Interal","EM_IM","3"
"J00945071ih","Black","Neg","ATB","5"
"J00945071ih","Black","Pos","ATW","5"
"J00945071ih","Black","Manip_check","EM_IM","5"
"J00945071ih","Black","Neg","ATW","2"
"J00945071ih","Black","External","EM_IM","4"
"J00945071ih","Black","Neg","ATB","3"
"J00945071ih","Black","External","EM_IM","3"
"J00945071ih","Black","Neg","ATB","4"
"J00945071ih","Black","Manip_check","ATW","1"
"J00945071ih","Black","External","EM_IM","3"
"J00945071ih","Black","Pos","ATW","2"
"J00945071ih","Black","Manip_check","ATB","1"
"J00945071ih","Black","Pos","ATB","3"
"J00945071ih","Black","Neg","ATB","5"
"J00945071ih","Black","Neg","ATB","4"
"J00945071ih","Black","Pos","ATW","5"
"J00945071ih","Black","Pos","ATW","3"
"J00945071ih","Black","Pos","ATB","1"
"J00945071ih","Black","Neg","ATW","3"
"J00945071ih","Black","Neg","ATB","4"
"J00945071ih","Black","Interal","EM_IM","3"
"J00945071ih","Black","Neg","ATW","3"
"J00945071ih","Black","Interal","EM_IM","3"
"J00945071ih","Black","External","EM_IM","3"
"J00945071ih","Black","External","EM_IM","3"
"J00945071ih","Black","Pos","ATB","2"
"J00945071ih","Black","Interal","EM_IM","3"
"J00945071ih","Black","Manip_check","ATB","5"
"J00945071ih","Black","Manip_check","EM_IM","1"
"J00945071ih","Black","Interal","EM_IM","3"
"J00945071ih","Black","","ContactQ","3"
"J00951218TP","Black","Neg","ATB","5"
"J00951218TP","Black","Pos","ATW","2"
"J00951218TP","Black","Pos","ATW","5"
"J00951218TP","Black","Interal","EM_IM","2"
"J00951218TP","Black","Neg","ATW","3"
"J00951218TP","Black","Pos","ATW","2"
"J00951218TP","Black","Pos","ATW","2"
"J00951218TP","Black","Neg","ATW","5"
"J00951218TP","Black","Interal","EM_IM","2"
"J00951218TP","Black","Interal","EM_IM","3"
"J00951218TP","Black","External","EM_IM","3"
"J00951218TP","Black","Manip_check","EM_IM","5"
"J00951218TP","Black","Manip_check","ATW","5"
"J00951218TP","Black","Interal","EM_IM","3"
"J00951218TP","Black","","ContactQ","0"
"J00951218TP","Black","Pos","ATW","2"
"J00951218TP","Black","Interal","EM_IM","3"
"J00951218TP","Black","Pos","ATB","1"
"J00951218TP","Black","Manip_check","ATW","1"
"J00951218TP","Black","Pos","ATB","1"
"J00951218TP","Black","Neg","ATW","1"
"J00951218TP","Black","Neg","ATB","3"
"J00951218TP","Black","Neg","ATB","3"
"J00951218TP","Black","Manip_check","ATB","1"
"J00951218TP","Black","Pos","ATB","2"
"J00951218TP","Black","Neg","ATW","3"
"J00951218TP","Black","Pos","ATW","1"
"J00951218TP","Black","Neg","ATB","5"
"J00951218TP","Black","Neg","ATB","4"
"J00951218TP","Black","Manip_check","ATB","5"
"J00951218TP","Black","Neg","ATB","5"
"J00951218TP","Black","External","EM_IM","2"
"J00951218TP","Black","External","EM_IM","2"
"J00951218TP","Black","Manip_check","EM_IM","1"
"J00951218TP","Black","External","EM_IM","2"
"J00951218TP","Black","Pos","ATB","1"
"J00951218TP","Black","External","EM_IM","4"
"J00954142DT","Black","Pos","ATW","3"
"J00954142DT","Black","Pos","ATW","5"
"J00954142DT","Black","Neg","ATB","5"
"J00954142DT","Black","Pos","ATW","1"
"J00954142DT","Black","Pos","ATB","4"
"J00954142DT","Black","Manip_check","ATB","5"
"J00954142DT","Black","Neg","ATW","3"
"J00954142DT","Black","Neg","ATW","2"
"J00954142DT","Black","Manip_check","ATW","1"
"J00954142DT","Black","Manip_check","ATW","5"
"J00954142DT","Black","Pos","ATB","1"
"J00954142DT","Black","External","EM_IM","1"
"J00954142DT","Black","External","EM_IM","5"
"J00954142DT","Black","External","EM_IM","1"
"J00954142DT","Black","Interal","EM_IM","5"
"J00954142DT","Black","Interal","EM_IM","5"
"J00954142DT","Black","Interal","EM_IM","5"
"J00954142DT","Black","Interal","EM_IM","5"
"J00954142DT","Black","External","EM_IM","5"
"J00954142DT","Black","Manip_check","EM_IM","1"
"J00954142DT","Black","Neg","ATB","5"
"J00954142DT","Black","Neg","ATB","5"
"J00954142DT","Black","Pos","ATB","1"
"J00954142DT","Black","","ContactQ","7"
"J00954142DT","Black","Pos","ATW","3"
"J00954142DT","Black","Pos","ATB","1"
"J00954142DT","Black","Neg","ATB","1"
"J00954142DT","Black","Neg","ATW","1"
"J00954142DT","Black","Neg","ATW","1"
"J00954142DT","Black","Pos","ATW","4"
"J00954142DT","Black","Pos","ATW","5"
"J00954142DT","Black","External","EM_IM","5"
"J00954142DT","Black","Manip_check","EM_IM","5"
"J00954142DT","Black","Neg","ATB","5"
"J00954142DT","Black","Interal","EM_IM","5"
"J00954142DT","Black","Neg","ATB","5"
"J00954142DT","Black","Manip_check","ATB","1"
"J00958620CR","Black","Manip_check","ATW","1"
"J00958620CR","Black","Pos","ATW","3"
"J00958620CR","Black","Pos","ATW","4"
"J00958620CR","Black","Neg","ATW","5"
"J00958620CR","Black","Pos","ATW","3"
"J00958620CR","Black","Manip_check","ATB","5"
"J00958620CR","Black","Neg","ATW","2"
"J00958620CR","Black","Pos","ATB","1"
"J00958620CR","Black","Pos","ATB","3"
"J00958620CR","Black","Neg","ATB","4"
"J00958620CR","Black","Pos","ATB","3"
"J00958620CR","Black","Neg","ATB","5"
"J00958620CR","Black","Pos","ATB","1"
"J00958620CR","Black","Neg","ATB","1"
"J00958620CR","Black","Neg","ATW","1"
"J00958620CR","Black","Manip_check","ATB","1"
"J00958620CR","Black","External","EM_IM","2"
"J00958620CR","Black","Manip_check","EM_IM","1"
"J00958620CR","Black","Interal","EM_IM","3"
"J00958620CR","Black","External","EM_IM","3"
"J00958620CR","Black","Interal","EM_IM","5"
"J00958620CR","Black","Manip_check","EM_IM","5"
"J00958620CR","Black","External","EM_IM","3"
"J00958620CR","Black","Interal","EM_IM","4"
"J00958620CR","Black","Interal","EM_IM","5"
"J00958620CR","Black","External","EM_IM","4"
"J00958620CR","Black","","ContactQ","20 hours. "
"J00958620CR","Black","External","EM_IM","3"
"J00958620CR","Black","Interal","EM_IM","5"
"J00958620CR","Black","Pos","ATW","2"
"J00958620CR","Black","Manip_check","ATW","5"
"J00958620CR","Black","Pos","ATW","5"
"J00958620CR","Black","Pos","ATW","2"
"J00958620CR","Black","Neg","ATB","3"
"J00958620CR","Black","Neg","ATW","1"
"J00958620CR","Black","Neg","ATB","4"
"J00958620CR","Black","Neg","ATB","5"
"J00961267LR","Black","Manip_check","ATB","1"
"J00961267LR","Black","Interal","EM_IM","4"
"J00961267LR","Black","Pos","ATW","5"
"J00961267LR","Black","External","EM_IM","3"
"J00961267LR","Black","Interal","EM_IM","3"
"J00961267LR","Black","Neg","ATW","5"
"J00961267LR","Black","Pos","ATW","5"
"J00961267LR","Black","Neg","ATW","3"
"J00961267LR","Black","Pos","ATW","2"
"J00961267LR","Black","Manip_check","ATW","1"
"J00961267LR","Black","Neg","ATB","4"
"J00961267LR","Black","Neg","ATW","5"
"J00961267LR","Black","Neg","ATB","5"
"J00961267LR","Black","Pos","ATB","2"
"J00961267LR","Black","Pos","ATW","1"
"J00961267LR","Black","Neg","ATB","5"
"J00961267LR","Black","Neg","ATB","4"
"J00961267LR","Black","","ContactQ","18 hours "
"J00961267LR","Black","Manip_check","ATW","5"
"J00961267LR","Black","External","EM_IM","4"
"J00961267LR","Black","External","EM_IM","4"
"J00961267LR","Black","Manip_check","EM_IM","1"
"J00961267LR","Black","External","EM_IM","3"
"J00961267LR","Black","Pos","ATW","4"
"J00961267LR","Black","Pos","ATW","5"
"J00961267LR","Black","Interal","EM_IM","3"
"J00961267LR","Black","Interal","EM_IM","4"
"J00961267LR","Black","Manip_check","EM_IM","5"
"J00961267LR","Black","Interal","EM_IM","5"
"J00961267LR","Black","Neg","ATB","5"
"J00961267LR","Black","Pos","ATB","3"
"J00961267LR","Black","Manip_check","ATB","5"
"J00961267LR","Black","Neg","ATB","5"
"J00961267LR","Black","Pos","ATB","1"
"J00961267LR","Black","Pos","ATB","3"
"J00961267LR","Black","Neg","ATW","2"
"J00961267LR","Black","External","EM_IM","4"
"J00964292CB","Black","Neg","ATW","1"
"J00964292CB","Black","Neg","ATB","5"
"J00964292CB","Black","Pos","ATW","1"
"J00964292CB","Black","Manip_check","ATB","1"
"J00964292CB","Black","Neg","ATW","2"
"J00964292CB","Black","Interal","EM_IM","3"
"J00964292CB","Black","Neg","ATB","5"
"J00964292CB","Black","Manip_check","EM_IM","5"
"J00964292CB","Black","External","EM_IM","5"
"J00964292CB","Black","Pos","ATW","3"
"J00964292CB","Black","Pos","ATW","4"
"J00964292CB","Black","External","EM_IM","3"
"J00964292CB","Black","Interal","EM_IM","2"
"J00964292CB","Black","Interal","EM_IM","3"
"J00964292CB","Black","Pos","ATW","5"
"J00964292CB","Black","Manip_check","ATW","5"
"J00964292CB","Black","Manip_check","ATW","1"
"J00964292CB","Black","","ContactQ","1"
"J00964292CB","Black","Pos","ATB","1"
"J00964292CB","Black","Pos","ATB","4"
"J00964292CB","Black","Neg","ATW","1"
"J00964292CB","Black","Manip_check","EM_IM","1"
"J00964292CB","Black","External","EM_IM","4"
"J00964292CB","Black","External","EM_IM","1"
"J00964292CB","Black","Manip_check","ATB","5"
"J00964292CB","Black","External","EM_IM","3"
"J00964292CB","Black","Pos","ATB","1"
"J00964292CB","Black","Interal","EM_IM","2"
"J00964292CB","Black","Interal","EM_IM","3"
"J00964292CB","Black","Neg","ATB","1"
"J00964292CB","Black","Pos","ATW","4"
"J00964292CB","Black","Neg","ATB","4"
"J00964292CB","Black","Neg","ATB","3"
"J00964292CB","Black","Pos","ATW","2"
"J00964292CB","Black","Pos","ATB","1"
"J00964292CB","Black","Neg","ATB","2"
"J00964292CB","Black","Neg","ATW","2"
"J00965289AL","Black","External","EM_IM","3"
"J00965289AL","Black","Pos","ATB","1"
"J00965289AL","Black","Interal","EM_IM","3"
"J00965289AL","Black","External","EM_IM","3"
"J00965289AL","Black","Manip_check","ATW","5"
"J00965289AL","Black","Pos","ATB","1"
"J00965289AL","Black","External","EM_IM","3"
"J00965289AL","Black","Pos","ATW","3"
"J00965289AL","Black","Neg","ATW","5"
"J00965289AL","Black","Pos","ATW","5"
"J00965289AL","Black","Pos","ATW","3"
"J00965289AL","Black","Neg","ATW","1"
"J00965289AL","Black","Neg","ATB","5"
"J00965289AL","Black","External","EM_IM","2"
"J00965289AL","Black","Pos","ATW","1"
"J00965289AL","Black","","ContactQ","0"
"J00965289AL","Black","Interal","EM_IM","5"
"J00965289AL","Black","Neg","ATB","5"
"J00965289AL","Black","Neg","ATB","5"
"J00965289AL","Black","Neg","ATB","1"
"J00965289AL","Black","Neg","ATB","4"
"J00965289AL","Black","Manip_check","ATB","5"
"J00965289AL","Black","Pos","ATW","3"
"J00965289AL","Black","Neg","ATB","5"
"J00965289AL","Black","Manip_check","ATB","1"
"J00965289AL","Black","Manip_check","EM_IM","1"
"J00965289AL","Black","Neg","ATW","5"
"J00965289AL","Black","Neg","ATW","3"
"J00965289AL","Black","External","EM_IM","3"
"J00965289AL","Black","Interal","EM_IM","3"
"J00965289AL","Black","Interal","EM_IM","3"
"J00965289AL","Black","Interal","EM_IM","5"
"J00965289AL","Black","Manip_check","EM_IM","5"
"J00965289AL","Black","Pos","ATW","2"
"J00965289AL","Black","Pos","ATB","1"
"J00965289AL","Black","Pos","ATB","1"
"J00965289AL","Black","Manip_check","ATW","1"
"J00965453MP","Black","External","EM_IM","1"
"J00965453MP","Black","External","EM_IM","1"
"J00965453MP","Black","Interal","EM_IM","5"
"J00965453MP","Black","Pos","ATB","1"
"J00965453MP","Black","External","EM_IM","1"
"J00965453MP","Black","Manip_check","EM_IM","1"
"J00965453MP","Black","Interal","EM_IM","5"
"J00965453MP","Black","External","EM_IM","5"
"J00965453MP","Black","Neg","ATB","5"
"J00965453MP","Black","Neg","ATB","5"
"J00965453MP","Black","Neg","ATW","3"
"J00965453MP","Black","Neg","ATW","2"
"J00965453MP","Black","Interal","EM_IM","5"
"J00965453MP","Black","Manip_check","ATW","5"
"J00965453MP","Black","Pos","ATW","4"
"J00965453MP","Black","Interal","EM_IM","5"
"J00965453MP","Black","Pos","ATW","1"
"J00965453MP","Black","Neg","ATB","5"
"J00965453MP","Black","Pos","ATW","5"
"J00965453MP","Black","Pos","ATB","1"
"J00965453MP","Black","Manip_check","EM_IM","5"
"J00965453MP","Black","Neg","ATB","5"
"J00965453MP","Black","Manip_check","ATB","1"
"J00965453MP","Black","External","EM_IM","1"
"J00965453MP","Black","Neg","ATB","5"
"J00965453MP","Black","Manip_check","ATW","1"
"J00965453MP","Black","Manip_check","ATB","5"
"J00965453MP","Black","Pos","ATB","1"
"J00965453MP","Black","Pos","ATW","5"
"J00965453MP","Black","Pos","ATW","5"
"J00965453MP","Black","Neg","ATB","5"
"J00965453MP","Black","Pos","ATB","1"
"J00965453MP","Black","","ContactQ","0"
"J00965453MP","Black","Neg","ATW","3"
"J00965453MP","Black","Pos","ATW","4"
"J00965453MP","Black","Neg","ATW","5"
"J00965453MP","Black","Interal","EM_IM","5"
"j00980078CJ","Black","Manip_check","ATW","1"
"j00980078CJ","Black","Neg","ATW","3"
"j00980078CJ","Black","Neg","ATW","4"
"j00980078CJ","Black","Manip_check","ATW","5"
"j00980078CJ","Black","Pos","ATW","3"
"j00980078CJ","Black","Pos","ATW","3"
"j00980078CJ","Black","Pos","ATW","2"
"j00980078CJ","Black","External","EM_IM","2"
"j00980078CJ","Black","Manip_check","EM_IM","5"
"j00980078CJ","Black","Interal","EM_IM","4"
"j00980078CJ","Black","Manip_check","EM_IM","1"
"j00980078CJ","Black","External","EM_IM","1"
"j00980078CJ","Black","Interal","EM_IM","5"
"j00980078CJ","Black","Interal","EM_IM","4"
"j00980078CJ","Black","Interal","EM_IM","3"
"j00980078CJ","Black","","ContactQ","1"
"j00980078CJ","Black","External","EM_IM","3"
"j00980078CJ","Black","Interal","EM_IM","5"
"j00980078CJ","Black","External","EM_IM","2"
"j00980078CJ","Black","External","EM_IM","2"
"j00980078CJ","Black","Neg","ATB","4"
"j00980078CJ","Black","Neg","ATB","5"
"j00980078CJ","Black","Neg","ATB","1"
"j00980078CJ","Black","Neg","ATB","4"
"j00980078CJ","Black","Pos","ATB","2"
"j00980078CJ","Black","Manip_check","ATB","1"
"j00980078CJ","Black","Neg","ATB","5"
"j00980078CJ","Black","Manip_check","ATB","5"
"j00980078CJ","Black","Pos","ATB","2"
"j00980078CJ","Black","Neg","ATB","5"
"j00980078CJ","Black","Pos","ATB","1"
"j00980078CJ","Black","Pos","ATB","1"
"j00980078CJ","Black","Pos","ATW","3"
"j00980078CJ","Black","Pos","ATW","3"
"j00980078CJ","Black","Neg","ATW","2"
"j00980078CJ","Black","Pos","ATW","4"
"j00980078CJ","Black","Neg","ATW","5"
"j00981726AB","Black","Interal","EM_IM","3"
"j00981726AB","Black","Interal","EM_IM","5"
"j00981726AB","Black","Neg","ATB","1"
"j00981726AB","Black","Neg","ATB","4"
"j00981726AB","Black","Neg","ATB","5"
"j00981726AB","Black","Interal","EM_IM","4"
"j00981726AB","Black","External","EM_IM","3"
"j00981726AB","Black","Pos","ATW","3"
"j00981726AB","Black","Neg","ATW","2"
"j00981726AB","Black","Pos","ATW","5"
"j00981726AB","Black","Neg","ATW","1"
"j00981726AB","Black","External","EM_IM","3"
"j00981726AB","Black","External","EM_IM","3"
"j00981726AB","Black","","ContactQ","0"
"j00981726AB","Black","Pos","ATW","5"
"j00981726AB","Black","Neg","ATW","1"
"j00981726AB","Black","Pos","ATB","1"
"j00981726AB","Black","Manip_check","ATW","1"
"j00981726AB","Black","Pos","ATW","5"
"j00981726AB","Black","Manip_check","ATW","5"
"j00981726AB","Black","Neg","ATB","5"
"j00981726AB","Black","Pos","ATW","3"
"j00981726AB","Black","Pos","ATW","3"
"j00981726AB","Black","Manip_check","ATB","1"
"j00981726AB","Black","Neg","ATW","2"
"j00981726AB","Black","Interal","EM_IM","5"
"j00981726AB","Black","Pos","ATB","1"
"j00981726AB","Black","Neg","ATB","5"
"j00981726AB","Black","Manip_check","EM_IM","5"
"j00981726AB","Black","External","EM_IM","3"
"j00981726AB","Black","Manip_check","ATB","5"
"j00981726AB","Black","Pos","ATB","2"
"j00981726AB","Black","Neg","ATB","4"
"j00981726AB","Black","Pos","ATB","2"
"j00981726AB","Black","External","EM_IM","5"
"j00981726AB","Black","Interal","EM_IM","5"
"j00981726AB","Black","Manip_check","EM_IM","1"
"j00983550MKN","Black","Interal","EM_IM","3"
"j00983550MKN","Black","Interal","EM_IM","3"
"j00983550MKN","Black","External","EM_IM","3"
"j00983550MKN","Black","External","EM_IM","1"
"j00983550MKN","Black","Pos","ATW","5"
"j00983550MKN","Black","Pos","ATB","1"
"j00983550MKN","Black","Neg","ATB","3"
"j00983550MKN","Black","Neg","ATB","5"
"j00983550MKN","Black","Neg","ATB","5"
"j00983550MKN","Black","Interal","EM_IM","3"
"j00983550MKN","Black","Manip_check","EM_IM","5"
"j00983550MKN","Black","External","EM_IM","1"
"j00983550MKN","Black","","ContactQ","About 8 when being at work other than that 0"
"j00983550MKN","Black","Manip_check","ATB","5"
"j00983550MKN","Black","Pos","ATB","1"
"j00983550MKN","Black","Neg","ATW","3"
"j00983550MKN","Black","Pos","ATW","1"
"j00983550MKN","Black","Neg","ATW","1"
"j00983550MKN","Black","Manip_check","ATW","5"
"j00983550MKN","Black","Pos","ATW","5"
"j00983550MKN","Black","Neg","ATW","3"
"j00983550MKN","Black","Manip_check","ATW","1"
"j00983550MKN","Black","Pos","ATW","5"
"j00983550MKN","Black","Neg","ATB","5"
"j00983550MKN","Black","Pos","ATB","1"
"j00983550MKN","Black","Neg","ATB","5"
"j00983550MKN","Black","Pos","ATW","3"
"j00983550MKN","Black","Interal","EM_IM","5"
"j00983550MKN","Black","External","EM_IM","1"
"j00983550MKN","Black","Interal","EM_IM","1"
"j00983550MKN","Black","External","EM_IM","1"
"j00983550MKN","Black","Neg","ATW","3"
"j00983550MKN","Black","Manip_check","EM_IM","1"
"j00983550MKN","Black","Neg","ATB","3"
"j00983550MKN","Black","Pos","ATW","5"
"j00983550MKN","Black","Manip_check","ATB","1"
"j00983550MKN","Black","Pos","ATB","3"
"J01002593TL","Black","External","EM_IM","3"
"J01002593TL","Black","Neg","ATW","3"
"J01002593TL","Black","","ContactQ","I usually spend three hours interacting with a different race/ethnicity. "
"J01002593TL","Black","Pos","ATB","1"
"J01002593TL","Black","Manip_check","EM_IM","1"
"J01002593TL","Black","Interal","EM_IM","5"
"J01002593TL","Black","Neg","ATW","2"
"J01002593TL","Black","Manip_check","ATB","1"
"J01002593TL","Black","Interal","EM_IM","4"
"J01002593TL","Black","Pos","ATB","1"
"J01002593TL","Black","Manip_check","ATB","5"
"J01002593TL","Black","External","EM_IM","2"
"J01002593TL","Black","Neg","ATB","2"
"J01002593TL","Black","Pos","ATW","3"
"J01002593TL","Black","Manip_check","ATW","5"
"J01002593TL","Black","External","EM_IM","4"
"J01002593TL","Black","Pos","ATW","3"
"J01002593TL","Black","Neg","ATB","5"
"J01002593TL","Black","Pos","ATW","3"
"J01002593TL","Black","Neg","ATB","5"
"J01002593TL","Black","Neg","ATB","5"
"J01002593TL","Black","Pos","ATB","1"
"J01002593TL","Black","Interal","EM_IM","4"
"J01002593TL","Black","Neg","ATW","3"
"J01002593TL","Black","Pos","ATW","3"
"J01002593TL","Black","Interal","EM_IM","5"
"J01002593TL","Black","External","EM_IM","3"
"J01002593TL","Black","Pos","ATB","2"
"J01002593TL","Black","External","EM_IM","2"
"J01002593TL","Black","Neg","ATB","5"
"J01002593TL","Black","Interal","EM_IM","4"
"J01002593TL","Black","Neg","ATB","5"
"J01002593TL","Black","Manip_check","EM_IM","5"
"J01002593TL","Black","Manip_check","ATW","1"
"J01002593TL","Black","Pos","ATW","4"
"J01002593TL","Black","Pos","ATW","3"
"J01002593TL","Black","Neg","ATW","1"
"J01024433CAA","Black","","ContactQ","I currently spend around 10hrs per week because my soccer coach is of Greek descent and one of my roommates is of European descent and from Switzerland. Other than those interactions I mainly interact with other black people. "
"J01024433CAA","Black","Pos","ATW","3"
"J01024433CAA","Black","Interal","EM_IM","2"
"J01024433CAA","Black","Neg","ATB","5"
"J01024433CAA","Black","Manip_check","ATB","5"
"J01024433CAA","Black","Pos","ATW","3"
"J01024433CAA","Black","Neg","ATB","5"
"J01024433CAA","Black","Manip_check","EM_IM","5"
"J01024433CAA","Black","External","EM_IM","2"
"J01024433CAA","Black","Neg","ATB","5"
"J01024433CAA","Black","Neg","ATW","1"
"J01024433CAA","Black","External","EM_IM","2"
"J01024433CAA","Black","External","EM_IM","4"
"J01024433CAA","Black","Pos","ATW","3"
"J01024433CAA","Black","Interal","EM_IM","3"
"J01024433CAA","Black","Manip_check","ATW","1"
"J01024433CAA","Black","Pos","ATW","4"
"J01024433CAA","Black","External","EM_IM","3"
"J01024433CAA","Black","Neg","ATW","3"
"J01024433CAA","Black","Manip_check","ATB","1"
"J01024433CAA","Black","Neg","ATB","5"
"J01024433CAA","Black","Pos","ATB","2"
"J01024433CAA","Black","Manip_check","EM_IM","1"
"J01024433CAA","Black","Pos","ATB","1"
"J01024433CAA","Black","Pos","ATB","1"
"J01024433CAA","Black","Interal","EM_IM","3"
"J01024433CAA","Black","Interal","EM_IM","3"
"J01024433CAA","Black","Neg","ATB","1"
"J01024433CAA","Black","Neg","ATB","4"
"J01024433CAA","Black","Neg","ATW","4"
"J01024433CAA","Black","External","EM_IM","3"
"J01024433CAA","Black","Pos","ATB","1"
"J01024433CAA","Black","Neg","ATW","3"
"J01024433CAA","Black","Interal","EM_IM","3"
"J01024433CAA","Black","Pos","ATW","5"
"J01024433CAA","Black","Pos","ATW","2"
"J01024433CAA","Black","Manip_check","ATW","5"
"KBooker","Black","Interal","EM_IM","1"
"KBooker","Black","Neg","ATB","5"
"KBooker","Black","Neg","ATW","4"
"KBooker","Black","Pos","ATB","2"
"KBooker","Black","Pos","ATW","1"
"KBooker","Black","Pos","ATW","5"
"KBooker","Black","Pos","ATW","5"
"KBooker","Black","External","EM_IM","1"
"KBooker","Black","Pos","ATW","5"
"KBooker","Black","Neg","ATB","5"
"KBooker","Black","Manip_check","ATB","5"
"KBooker","Black","Manip_check","ATW","5"
"KBooker","Black","Manip_check","EM_IM","5"
"KBooker","Black","External","EM_IM","1"
"KBooker","Black","Interal","EM_IM","5"
"KBooker","Black","Interal","EM_IM","5"
"KBooker","Black","Neg","ATB","3"
"KBooker","Black","Pos","ATB","4"
"KBooker","Black","External","EM_IM","1"
"KBooker","Black","Neg","ATW","3"
"KBooker","Black","Pos","ATB","1"
"KBooker","Black","Neg","ATB","5"
"KBooker","Black","Neg","ATB","1"
"KBooker","Black","Pos","ATB","1"
"KBooker","Black","Pos","ATW","4"
"KBooker","Black","Neg","ATW","1"
"KBooker","Black","External","EM_IM","1"
"KBooker","Black","Neg","ATB","5"
"KBooker","Black","Manip_check","ATB","1"
"KBooker","Black","Interal","EM_IM","3"
"KBooker","Black","Manip_check","ATW","1"
"KBooker","Black","Neg","ATW","1"
"KBooker","Black","Pos","ATW","3"
"KBooker","Black","Manip_check","EM_IM","1"
"KBooker","Black","","ContactQ","0"
"KBooker","Black","External","EM_IM","3"
"KBooker","Black","Interal","EM_IM","5"
