"Username","participant_ethnicity","Response.RT","key","Target_Ethnicity","Target_Gender","scored"
"6298813270372901ADA","Black",2373,"OLD","W","M",1
"6298813270372901ADA","Black",2157,"OLD","W","F",1
"6298813270372901ADA","Black",2761,"OLD","W","F",1
"6298813270372901ADA","Black",2245,"OLD","B","F",1
"6298813270372901ADA","Black",3467,"OLD","W","M",0
"6298813270372901ADA","Black",1441,"OLD","B","F",1
"6298813270372901ADA","Black",2094,"OLD","W","F",1
"6298813270372901ADA","Black",1532,"OLD","B","M",1
"6298813270372901ADA","Black",1544,"OLD","B","M",1
"6298813270372901ADA","Black",7532,"NEW","B","F",0
"6298813270372901ADA","Black",3896,"NEW","W","F",1
"6298813270372901ADA","Black",2628,"NEW","B","F",0
"6298813270372901ADA","Black",1737,"OLD","B","F",1
"6298813270372901ADA","Black",5642,"NEW","B","M",0
"6298813270372901ADA","Black",2601,"NEW","B","M",0
"6298813270372901ADA","Black",1906,"NEW","B","M",0
"6298813270372901ADA","Black",1886,"NEW","W","M",0
"6298813270372901ADA","Black",4283,"NEW","B","M",1
"6298813270372901ADA","Black",1988,"NEW","B","F",0
"6298813270372901ADA","Black",1903,"NEW","W","M",0
"6298813270372901ADA","Black",2372,"NEW","B","M",0
"6298813270372901ADA","Black",1891,"NEW","W","F",0
"6298813270372901ADA","Black",1897,"OLD","W","M",1
"6298813270372901ADA","Black",2380,"OLD","B","M",1
"6298813270372901ADA","Black",1904,"OLD","B","F",1
"6298813270372901ADA","Black",2359,"OLD","W","M",1
"6298813270372901ADA","Black",1800,"OLD","B","F",1
"6298813270372901ADA","Black",1864,"OLD","W","F",1
"6298813270372901ADA","Black",1712,"OLD","W","M",1
"6298813270372901ADA","Black",1758,"OLD","W","F",1
"6298813270372901ADA","Black",1918,"OLD","B","F",1
"6298813270372901ADA","Black",3169,"OLD","W","F",1
"6298813270372901ADA","Black",1639,"OLD","B","F",1
"6298813270372901ADA","Black",2362,"OLD","W","M",1
"6298813270372901ADA","Black",1945,"OLD","W","F",1
"6298813270372901ADA","Black",2102,"OLD","B","F",1
"6298813270372901ADA","Black",3080,"OLD","W","F",1
"6298813270372901ADA","Black",1889,"OLD","W","F",1
"6298813270372901ADA","Black",1814,"NEW","W","F",0
"6298813270372901ADA","Black",2489,"OLD","W","M",1
"6298813270372901ADA","Black",1633,"OLD","W","M",1
"6298813270372901ADA","Black",2274,"OLD","W","F",1
"6298813270372901ADA","Black",1599,"NEW","B","F",0
"6298813270372901ADA","Black",1623,"NEW","B","M",0
"6298813270372901ADA","Black",1396,"NEW","W","M",0
"6298813270372901ADA","Black",1590,"NEW","W","F",0
"6298813270372901ADA","Black",1600,"NEW","W","F",0
"6298813270372901ADA","Black",1546,"NEW","W","F",0
"6298813270372901ADA","Black",1448,"NEW","W","M",0
"6298813270372901ADA","Black",1647,"NEW","B","F",0
"6298813270372901ADA","Black",2336,"OLD","B","M",1
"6298813270372901ADA","Black",1540,"OLD","B","M",1
"6298813270372901ADA","Black",2104,"NEW","B","M",0
"6298813270372901ADA","Black",2311,"OLD","B","F",1
"6298813270372901ADA","Black",1546,"OLD","B","M",1
"6298813270372901ADA","Black",1573,"OLD","W","M",1
"6298813270372901ADA","Black",1547,"OLD","B","F",1
"6298813270372901ADA","Black",1977,"OLD","B","M",1
"6298813270372901ADA","Black",1604,"OLD","B","M",1
"6298813270372901ADA","Black",1736,"OLD","B","M",1
"6298813270372901ADA","Black",1557,"OLD","B","M",1
"6298813270372901ADA","Black",2943,"OLD","W","M",1
"6298813270372901ADA","Black",1632,"NEW","B","F",0
"6298813270372901ADA","Black",2409,"NEW","W","F",0
"6298813270372901ADA","Black",2007,"NEW","B","M",0
"6298813270372901ADA","Black",1818,"NEW","W","F",0
"6298813270372901ADA","Black",2023,"NEW","B","F",0
"6298813270372901ADA","Black",1702,"NEW","W","M",0
"6298813270372901ADA","Black",3167,"NEW","B","M",0
"6298813270372901ADA","Black",1764,"NEW","W","M",0
"6298813270372901ADA","Black",1727,"NEW","W","M",0
"6298813270372901ADA","Black",1942,"NEW","W","F",0
"6298813270372901ADA","Black",1864,"NEW","W","M",0
"6298813270372901ADA","Black",2160,"NEW","B","F",0
"6298813270372901ADA","Black",1464,"NEW","W","M",0
"6298813270372901ADA","Black",2456,"NEW","B","F",0
"6298813270372901ADA","Black",1492,"NEW","B","F",0
"6298813270372901ADA","Black",1780,"NEW","W","F",0
"6298813270372901ADA","Black",2450,"NEW","B","M",0
"6298813270372901ADA","Black",1542,"NEW","W","M",0
"j00867279KS","Black",5009,"NEW","W","M",1
"j00867279KS","Black",2743,"OLD","B","F",1
"j00867279KS","Black",2308,"OLD","W","F",0
"j00867279KS","Black",4246,"NEW","B","F",1
"j00867279KS","Black",3279,"OLD","W","M",1
"j00867279KS","Black",3269,"OLD","W","F",1
"j00867279KS","Black",2237,"OLD","W","F",0
"j00867279KS","Black",3114,"NEW","B","F",0
"j00867279KS","Black",2148,"OLD","W","F",0
"j00867279KS","Black",2982,"OLD","B","F",1
"j00867279KS","Black",4627,"OLD","W","M",0
"j00867279KS","Black",3201,"OLD","B","F",1
"j00867279KS","Black",3117,"NEW","W","F",0
"j00867279KS","Black",2301,"NEW","W","M",0
"j00867279KS","Black",2828,"NEW","B","M",0
"j00867279KS","Black",3774,"NEW","B","F",0
"j00867279KS","Black",2321,"OLD","B","M",1
"j00867279KS","Black",2741,"OLD","B","M",1
"j00867279KS","Black",3203,"OLD","B","F",1
"j00867279KS","Black",2486,"OLD","W","M",1
"j00867279KS","Black",2441,"OLD","B","M",1
"j00867279KS","Black",3025,"OLD","B","M",1
"j00867279KS","Black",2797,"OLD","B","F",1
"j00867279KS","Black",2657,"NEW","W","M",0
"j00867279KS","Black",2867,"NEW","W","F",0
"j00867279KS","Black",2662,"OLD","B","F",1
"j00867279KS","Black",3555,"OLD","W","M",1
"j00867279KS","Black",3364,"OLD","B","F",1
"j00867279KS","Black",4787,"OLD","B","M",1
"j00867279KS","Black",3551,"OLD","B","M",1
"j00867279KS","Black",5476,"OLD","W","M",1
"j00867279KS","Black",2955,"OLD","W","M",1
"j00867279KS","Black",3093,"OLD","W","M",1
"j00867279KS","Black",2590,"OLD","W","M",0
"j00867279KS","Black",4235,"OLD","B","M",1
"j00867279KS","Black",2676,"OLD","B","F",0
"j00867279KS","Black",2826,"OLD","B","M",1
"j00867279KS","Black",2892,"OLD","W","M",1
"j00867279KS","Black",2645,"OLD","B","M",0
"j00867279KS","Black",8930,"OLD","W","F",0
"j00867279KS","Black",3065,"OLD","W","F",0
"j00867279KS","Black",2619,"NEW","B","M",0
"j00867279KS","Black",4632,"OLD","B","F",1
"j00867279KS","Black",4884,"NEW","W","F",0
"j00867279KS","Black",3008,"NEW","B","M",1
"j00867279KS","Black",4586,"NEW","W","F",0
"j00867279KS","Black",4629,"NEW","W","F",1
"j00867279KS","Black",2742,"OLD","W","F",1
"j00867279KS","Black",4062,"NEW","W","F",0
"j00867279KS","Black",2603,"OLD","W","F",0
"j00867279KS","Black",5941,"NEW","W","M",0
"j00867279KS","Black",2415,"NEW","B","M",0
"j00867279KS","Black",11757,"NEW","B","M",0
"j00867279KS","Black",2870,"NEW","B","M",0
"j00867279KS","Black",10339,"NEW","W","F",0
"j00867279KS","Black",5800,"NEW","B","F",0
"j00867279KS","Black",2900,"NEW","B","F",0
"j00867279KS","Black",2482,"NEW","W","F",0
"j00867279KS","Black",2256,"NEW","W","M",0
"j00867279KS","Black",2837,"NEW","B","F",0
"j00867279KS","Black",2733,"NEW","B","M",0
"j00867279KS","Black",3811,"NEW","B","F",0
"j00867279KS","Black",3938,"NEW","B","F",0
"j00867279KS","Black",2548,"OLD","W","F",0
"j00867279KS","Black",3608,"OLD","B","M",1
"j00867279KS","Black",2779,"OLD","W","F",0
"j00867279KS","Black",2521,"NEW","W","M",0
"j00867279KS","Black",3626,"NEW","B","F",0
"j00867279KS","Black",5846,"NEW","W","M",0
"j00867279KS","Black",2612,"NEW","B","M",0
"j00867279KS","Black",2610,"OLD","B","F",1
"j00867279KS","Black",5227,"NEW","B","M",0
"j00867279KS","Black",3248,"OLD","W","M",1
"j00867279KS","Black",4699,"NEW","B","M",1
"j00867279KS","Black",3355,"NEW","W","F",1
"j00867279KS","Black",4201,"NEW","B","F",0
"j00867279KS","Black",3781,"NEW","W","F",0
"j00867279KS","Black",4079,"NEW","W","M",0
"j00867279KS","Black",6264,"NEW","W","M",0
"j00867279KS","Black",2107,"NEW","W","M",0
"J00892472B.O.","Black",2157,"NEW","W","M",0
"J00892472B.O.","Black",3857,"OLD","B","F",1
"J00892472B.O.","Black",3700,"OLD","W","M",1
"J00892472B.O.","Black",2247,"NEW","W","F",0
"J00892472B.O.","Black",5910,"NEW","B","M",0
"J00892472B.O.","Black",4099,"NEW","B","F",0
"J00892472B.O.","Black",2339,"NEW","B","M",0
"J00892472B.O.","Black",2961,"OLD","W","M",1
"J00892472B.O.","Black",2021,"OLD","W","F",1
"J00892472B.O.","Black",2185,"NEW","W","M",0
"J00892472B.O.","Black",2072,"OLD","B","F",1
"J00892472B.O.","Black",2501,"OLD","B","F",0
"J00892472B.O.","Black",4607,"OLD","W","F",1
"J00892472B.O.","Black",2716,"OLD","B","M",1
"J00892472B.O.","Black",2091,"NEW","W","M",0
"J00892472B.O.","Black",3535,"OLD","W","M",0
"J00892472B.O.","Black",3290,"OLD","W","F",1
"J00892472B.O.","Black",3174,"NEW","B","M",1
"J00892472B.O.","Black",2201,"NEW","W","F",0
"J00892472B.O.","Black",2491,"OLD","B","M",1
"J00892472B.O.","Black",2354,"OLD","W","M",1
"J00892472B.O.","Black",3923,"OLD","W","M",1
"J00892472B.O.","Black",3978,"OLD","W","M",1
"J00892472B.O.","Black",2070,"NEW","B","F",0
"J00892472B.O.","Black",2155,"OLD","W","F",1
"J00892472B.O.","Black",4935,"OLD","W","M",0
"J00892472B.O.","Black",2351,"NEW","W","F",0
"J00892472B.O.","Black",2148,"OLD","B","M",1
"J00892472B.O.","Black",3526,"OLD","W","F",1
"J00892472B.O.","Black",2117,"OLD","W","F",1
"J00892472B.O.","Black",2516,"OLD","W","F",1
"J00892472B.O.","Black",2075,"OLD","W","F",1
"J00892472B.O.","Black",3899,"OLD","B","M",1
"J00892472B.O.","Black",3151,"OLD","W","M",1
"J00892472B.O.","Black",2452,"OLD","B","F",1
"J00892472B.O.","Black",2502,"OLD","B","F",0
"J00892472B.O.","Black",3466,"NEW","B","M",0
"J00892472B.O.","Black",2286,"NEW","W","F",0
"J00892472B.O.","Black",2309,"OLD","W","M",0
"J00892472B.O.","Black",2065,"OLD","B","M",1
"J00892472B.O.","Black",3626,"NEW","B","F",1
"J00892472B.O.","Black",8370,"NEW","W","F",1
"J00892472B.O.","Black",2691,"OLD","B","M",0
"J00892472B.O.","Black",2271,"NEW","W","M",0
"J00892472B.O.","Black",3800,"OLD","B","F",0
"J00892472B.O.","Black",2572,"NEW","W","F",0
"J00892472B.O.","Black",2550,"OLD","B","F",1
"J00892472B.O.","Black",2654,"OLD","B","M",0
"J00892472B.O.","Black",2035,"NEW","B","F",0
"J00892472B.O.","Black",3409,"NEW","B","F",0
"J00892472B.O.","Black",2030,"NEW","B","F",0
"J00892472B.O.","Black",2124,"NEW","B","F",0
"J00892472B.O.","Black",2098,"NEW","B","M",0
"J00892472B.O.","Black",2852,"OLD","B","F",0
"J00892472B.O.","Black",2350,"OLD","W","F",1
"J00892472B.O.","Black",3089,"NEW","W","M",0
"J00892472B.O.","Black",2473,"NEW","B","M",0
"J00892472B.O.","Black",2926,"NEW","B","M",0
"J00892472B.O.","Black",1998,"NEW","W","F",1
"J00892472B.O.","Black",1996,"NEW","W","M",0
"J00892472B.O.","Black",2356,"NEW","B","F",1
"J00892472B.O.","Black",4254,"OLD","B","M",0
"J00892472B.O.","Black",2441,"NEW","B","M",0
"J00892472B.O.","Black",3485,"NEW","B","F",0
"J00892472B.O.","Black",3059,"NEW","B","F",0
"J00892472B.O.","Black",2147,"NEW","W","F",0
"J00892472B.O.","Black",4266,"NEW","W","M",0
"J00892472B.O.","Black",6847,"OLD","W","M",1
"J00892472B.O.","Black",2012,"NEW","B","M",0
"J00892472B.O.","Black",2954,"NEW","W","M",0
"J00892472B.O.","Black",2332,"NEW","W","M",0
"J00892472B.O.","Black",2127,"NEW","W","F",1
"J00892472B.O.","Black",1856,"NEW","W","F",0
"J00892472B.O.","Black",1946,"OLD","B","F",0
"J00892472B.O.","Black",2096,"OLD","W","F",1
"J00892472B.O.","Black",2277,"OLD","B","M",1
"J00892472B.O.","Black",2067,"OLD","B","M",1
"J00892472B.O.","Black",2196,"NEW","B","M",0
"J00892472B.O.","Black",3551,"OLD","B","F",0
"J00892472B.O.","Black",1995,"NEW","W","M",0
"j00896894","Black",1886,"OLD","W","M",0
"j00896894","Black",2245,"OLD","B","F",1
"j00896894","Black",2155,"OLD","W","F",1
"j00896894","Black",3196,"OLD","B","F",1
"j00896894","Black",1926,"OLD","W","M",1
"j00896894","Black",2264,"OLD","W","F",1
"j00896894","Black",2781,"OLD","W","F",1
"j00896894","Black",1984,"OLD","W","M",1
"j00896894","Black",2260,"OLD","B","M",1
"j00896894","Black",2096,"OLD","B","F",1
"j00896894","Black",2094,"OLD","B","M",1
"j00896894","Black",4382,"OLD","B","F",1
"j00896894","Black",2211,"OLD","B","F",1
"j00896894","Black",2619,"OLD","W","M",1
"j00896894","Black",2135,"OLD","B","F",1
"j00896894","Black",2085,"OLD","B","M",1
"j00896894","Black",4919,"OLD","B","F",1
"j00896894","Black",1963,"OLD","W","F",1
"j00896894","Black",1907,"OLD","W","F",0
"j00896894","Black",2007,"OLD","W","F",0
"j00896894","Black",2253,"OLD","B","M",1
"j00896894","Black",6673,"OLD","W","F",1
"j00896894","Black",4184,"OLD","W","F",1
"j00896894","Black",2691,"OLD","B","M",0
"j00896894","Black",2200,"OLD","B","M",1
"j00896894","Black",4489,"OLD","W","M",0
"j00896894","Black",3200,"OLD","B","M",0
"j00896894","Black",2354,"OLD","W","M",1
"j00896894","Black",3200,"OLD","B","F",1
"j00896894","Black",2151,"OLD","B","F",0
"j00896894","Black",2507,"OLD","B","M",1
"j00896894","Black",2079,"NEW","W","F",0
"j00896894","Black",2132,"NEW","W","M",0
"j00896894","Black",3312,"OLD","W","M",1
"j00896894","Black",2197,"OLD","B","M",1
"j00896894","Black",2083,"OLD","W","F",0
"j00896894","Black",2558,"OLD","B","F",1
"j00896894","Black",2894,"OLD","B","M",1
"j00896894","Black",2410,"OLD","W","M",1
"j00896894","Black",2392,"NEW","W","M",0
"j00896894","Black",4057,"OLD","W","M",1
"j00896894","Black",2603,"NEW","B","M",0
"j00896894","Black",7609,"NEW","B","F",0
"j00896894","Black",2267,"NEW","B","M",0
"j00896894","Black",2287,"NEW","B","F",0
"j00896894","Black",2099,"NEW","B","M",0
"j00896894","Black",1975,"NEW","W","M",0
"j00896894","Black",2610,"NEW","B","M",0
"j00896894","Black",2557,"NEW","B","M",0
"j00896894","Black",2434,"NEW","W","F",0
"j00896894","Black",2091,"NEW","W","M",0
"j00896894","Black",3458,"NEW","B","F",0
"j00896894","Black",2605,"NEW","W","M",0
"j00896894","Black",2721,"NEW","W","M",0
"j00896894","Black",2272,"NEW","B","F",0
"j00896894","Black",2319,"NEW","B","F",0
"j00896894","Black",2303,"NEW","B","F",0
"j00896894","Black",2059,"NEW","W","F",0
"j00896894","Black",2421,"NEW","W","F",0
"j00896894","Black",2671,"OLD","W","M",1
"j00896894","Black",2421,"OLD","W","F",1
"j00896894","Black",2473,"NEW","B","F",0
"j00896894","Black",2233,"NEW","B","M",0
"j00896894","Black",2291,"NEW","B","F",0
"j00896894","Black",3446,"NEW","W","F",0
"j00896894","Black",2139,"NEW","W","F",0
"j00896894","Black",2021,"NEW","W","M",0
"j00896894","Black",3281,"NEW","W","F",0
"j00896894","Black",2112,"NEW","B","M",0
"j00896894","Black",3209,"NEW","W","F",0
"j00896894","Black",2334,"NEW","W","F",0
"j00896894","Black",2141,"NEW","B","F",0
"j00896894","Black",2940,"NEW","B","M",0
"j00896894","Black",2055,"NEW","B","M",0
"j00896894","Black",2457,"NEW","W","M",0
"j00896894","Black",2159,"NEW","B","F",0
"j00896894","Black",3161,"NEW","B","M",0
"j00896894","Black",2316,"NEW","W","M",0
"j00896894","Black",1985,"NEW","W","F",0
"j00896894","Black",1929,"NEW","W","M",0
"j00900405J.B","Black",2627,"NEW","B","M",1
"j00900405J.B","Black",2281,"OLD","B","F",1
"j00900405J.B","Black",2698,"NEW","B","F",0
"j00900405J.B","Black",2571,"OLD","W","M",0
"j00900405J.B","Black",2185,"OLD","W","M",1
"j00900405J.B","Black",2340,"OLD","B","M",0
"j00900405J.B","Black",7618,"NEW","B","M",1
"j00900405J.B","Black",3156,"OLD","B","F",1
"j00900405J.B","Black",2098,"OLD","W","F",1
"j00900405J.B","Black",2118,"OLD","W","M",1
"j00900405J.B","Black",2751,"NEW","B","F",0
"j00900405J.B","Black",10199,"NEW","B","F",0
"j00900405J.B","Black",2472,"OLD","B","M",1
"j00900405J.B","Black",2167,"OLD","B","F",1
"j00900405J.B","Black",2190,"NEW","W","F",0
"j00900405J.B","Black",3695,"NEW","B","F",0
"j00900405J.B","Black",26615,"OLD","B","F",1
"j00900405J.B","Black",3818,"OLD","W","M",1
"j00900405J.B","Black",2056,"OLD","W","F",1
"j00900405J.B","Black",2031,"OLD","B","M",1
"j00900405J.B","Black",2749,"OLD","B","F",1
"j00900405J.B","Black",3059,"NEW","W","F",1
"j00900405J.B","Black",17625,"NEW","B","M",0
"j00900405J.B","Black",2066,"OLD","W","F",1
"j00900405J.B","Black",2440,"OLD","W","M",1
"j00900405J.B","Black",7816,"OLD","W","F",1
"j00900405J.B","Black",7423,"OLD","W","F",1
"j00900405J.B","Black",18406,"OLD","W","F",1
"j00900405J.B","Black",2035,"OLD","B","F",1
"j00900405J.B","Black",1955,"OLD","W","M",1
"j00900405J.B","Black",2290,"OLD","B","M",1
"j00900405J.B","Black",5388,"OLD","W","M",1
"j00900405J.B","Black",2583,"OLD","B","M",1
"j00900405J.B","Black",30376,"OLD","W","F",1
"j00900405J.B","Black",1999,"OLD","B","M",1
"j00900405J.B","Black",15597,"NEW","B","F",1
"j00900405J.B","Black",16944,"NEW","W","M",0
"j00900405J.B","Black",2088,"OLD","B","M",1
"j00900405J.B","Black",1936,"OLD","W","F",1
"j00900405J.B","Black",2091,"NEW","W","F",0
"j00900405J.B","Black",8385,"NEW","B","M",0
"j00900405J.B","Black",2321,"NEW","W","F",0
"j00900405J.B","Black",7293,"NEW","W","M",1
"j00900405J.B","Black",2353,"OLD","W","M",1
"j00900405J.B","Black",3082,"OLD","B","M",1
"j00900405J.B","Black",2024,"OLD","B","F",1
"j00900405J.B","Black",2069,"OLD","W","F",1
"j00900405J.B","Black",3553,"NEW","W","F",0
"j00900405J.B","Black",2055,"OLD","B","F",1
"j00900405J.B","Black",2164,"NEW","B","F",0
"j00900405J.B","Black",6691,"NEW","B","F",1
"j00900405J.B","Black",2279,"NEW","W","M",1
"j00900405J.B","Black",3525,"NEW","B","M",0
"j00900405J.B","Black",1785,"NEW","W","F",1
"j00900405J.B","Black",4378,"NEW","B","F",0
"j00900405J.B","Black",3027,"NEW","B","M",0
"j00900405J.B","Black",17759,"NEW","W","F",0
"j00900405J.B","Black",2147,"NEW","W","M",1
"j00900405J.B","Black",3395,"NEW","W","F",0
"j00900405J.B","Black",2695,"OLD","B","M",1
"j00900405J.B","Black",2565,"NEW","B","F",0
"j00900405J.B","Black",2875,"NEW","W","M",0
"j00900405J.B","Black",4720,"NEW","B","M",0
"j00900405J.B","Black",3691,"NEW","B","M",0
"j00900405J.B","Black",7395,"NEW","W","M",0
"j00900405J.B","Black",3677,"NEW","W","F",0
"j00900405J.B","Black",2222,"NEW","W","M",0
"j00900405J.B","Black",2157,"NEW","W","M",0
"j00900405J.B","Black",5026,"NEW","B","M",0
"j00900405J.B","Black",2751,"OLD","B","M",1
"j00900405J.B","Black",2378,"OLD","W","F",1
"j00900405J.B","Black",2978,"NEW","W","M",0
"j00900405J.B","Black",16803,"OLD","W","M",1
"j00900405J.B","Black",7619,"NEW","B","M",0
"j00900405J.B","Black",2448,"OLD","B","F",1
"j00900405J.B","Black",2218,"NEW","W","M",0
"j00900405J.B","Black",2924,"OLD","W","M",0
"j00900405J.B","Black",12725,"OLD","B","F",1
"j00900405J.B","Black",2364,"NEW","W","F",0
"j00900405J.B","Black",2463,"NEW","B","F",1
"J0090373JB","Black",2392,"OLD","W","M",1
"J0090373JB","Black",2115,"OLD","W","M",1
"J0090373JB","Black",2199,"OLD","B","F",1
"J0090373JB","Black",2307,"OLD","W","M",1
"J0090373JB","Black",3082,"OLD","W","M",1
"J0090373JB","Black",2214,"OLD","W","M",1
"J0090373JB","Black",2697,"OLD","W","M",1
"J0090373JB","Black",2643,"OLD","W","F",0
"J0090373JB","Black",2668,"OLD","B","F",1
"J0090373JB","Black",7185,"NEW","B","M",0
"J0090373JB","Black",2400,"OLD","W","F",1
"J0090373JB","Black",2554,"OLD","B","F",1
"J0090373JB","Black",2812,"OLD","W","F",0
"J0090373JB","Black",2352,"OLD","B","F",0
"J0090373JB","Black",4154,"OLD","B","F",1
"J0090373JB","Black",2354,"OLD","W","F",1
"J0090373JB","Black",2381,"NEW","B","F",0
"J0090373JB","Black",2525,"NEW","B","M",0
"J0090373JB","Black",2873,"OLD","B","M",1
"J0090373JB","Black",2823,"NEW","W","M",0
"J0090373JB","Black",3584,"OLD","B","M",1
"J0090373JB","Black",2397,"OLD","B","M",1
"J0090373JB","Black",2495,"OLD","B","M",1
"J0090373JB","Black",5092,"NEW","W","F",0
"J0090373JB","Black",2916,"NEW","W","M",1
"J0090373JB","Black",2402,"NEW","W","M",1
"J0090373JB","Black",2392,"OLD","W","F",1
"J0090373JB","Black",2443,"OLD","B","F",1
"J0090373JB","Black",2321,"OLD","B","F",1
"J0090373JB","Black",2832,"OLD","W","F",0
"J0090373JB","Black",2226,"OLD","W","M",1
"J0090373JB","Black",2188,"OLD","B","M",1
"J0090373JB","Black",2774,"NEW","B","F",0
"J0090373JB","Black",2179,"OLD","B","F",1
"J0090373JB","Black",2292,"OLD","B","M",1
"J0090373JB","Black",2498,"NEW","W","F",0
"J0090373JB","Black",2982,"OLD","B","F",1
"J0090373JB","Black",2563,"OLD","B","M",1
"J0090373JB","Black",2473,"OLD","W","F",1
"J0090373JB","Black",2293,"OLD","W","M",1
"J0090373JB","Black",3763,"NEW","W","F",1
"J0090373JB","Black",3034,"NEW","B","M",0
"J0090373JB","Black",4268,"NEW","B","F",0
"J0090373JB","Black",2298,"OLD","B","M",0
"J0090373JB","Black",2360,"NEW","W","F",0
"J0090373JB","Black",2015,"NEW","B","F",0
"J0090373JB","Black",3052,"NEW","W","M",0
"J0090373JB","Black",2552,"NEW","W","M",0
"J0090373JB","Black",2523,"NEW","B","M",0
"J0090373JB","Black",2515,"NEW","B","M",0
"J0090373JB","Black",4064,"NEW","W","M",0
"J0090373JB","Black",2381,"NEW","W","M",0
"J0090373JB","Black",3355,"OLD","W","M",0
"J0090373JB","Black",2397,"OLD","B","F",1
"J0090373JB","Black",2283,"OLD","W","F",1
"J0090373JB","Black",2478,"NEW","B","M",0
"J0090373JB","Black",2299,"NEW","B","M",0
"J0090373JB","Black",2320,"NEW","W","M",0
"J0090373JB","Black",2689,"NEW","W","F",0
"J0090373JB","Black",2828,"NEW","W","F",0
"J0090373JB","Black",2528,"OLD","W","F",1
"J0090373JB","Black",2213,"NEW","B","F",1
"J0090373JB","Black",2597,"NEW","B","M",0
"J0090373JB","Black",2498,"OLD","W","F",1
"J0090373JB","Black",2364,"OLD","B","M",0
"J0090373JB","Black",3223,"OLD","W","M",0
"J0090373JB","Black",3891,"NEW","B","F",0
"J0090373JB","Black",2216,"NEW","B","F",0
"J0090373JB","Black",2720,"NEW","B","M",0
"J0090373JB","Black",2834,"NEW","W","F",0
"J0090373JB","Black",2205,"NEW","B","F",0
"J0090373JB","Black",2298,"NEW","W","M",0
"J0090373JB","Black",2598,"NEW","W","F",0
"J0090373JB","Black",2840,"NEW","W","F",0
"J0090373JB","Black",2321,"NEW","W","F",0
"J0090373JB","Black",2351,"NEW","B","F",0
"J0090373JB","Black",2699,"NEW","B","M",0
"J0090373JB","Black",2212,"NEW","W","M",0
"J0090373JB","Black",2214,"OLD","B","M",1
"J0090373JB","Black",2793,"NEW","B","F",0
"J00908264LN","Black",2129,"NEW","W","F",1
"J00908264LN","Black",3796,"OLD","B","F",0
"J00908264LN","Black",2119,"NEW","W","F",0
"J00908264LN","Black",3838,"NEW","W","M",0
"J00908264LN","Black",6616,"NEW","B","M",0
"J00908264LN","Black",4112,"OLD","B","M",0
"J00908264LN","Black",2186,"NEW","B","F",0
"J00908264LN","Black",3500,"NEW","B","M",0
"J00908264LN","Black",1577,"OLD","B","M",0
"J00908264LN","Black",3311,"OLD","B","F",0
"J00908264LN","Black",25111,"NEW","W","F",0
"J00908264LN","Black",5720,"OLD","B","F",1
"J00908264LN","Black",2333,"OLD","W","F",1
"J00908264LN","Black",1899,"NEW","B","M",1
"J00908264LN","Black",8359,"OLD","W","M",1
"J00908264LN","Black",4224,"NEW","B","M",0
"J00908264LN","Black",5451,"OLD","W","M",1
"J00908264LN","Black",1742,"OLD","B","M",1
"J00908264LN","Black",5155,"OLD","B","M",1
"J00908264LN","Black",6178,"OLD","W","F",0
"J00908264LN","Black",5291,"OLD","B","M",0
"J00908264LN","Black",2966,"OLD","W","F",0
"J00908264LN","Black",34404,"NEW","B","F",0
"J00908264LN","Black",4529,"OLD","W","M",0
"J00908264LN","Black",2754,"OLD","W","M",0
"J00908264LN","Black",10860,"OLD","B","F",1
"J00908264LN","Black",6462,"OLD","B","M",0
"J00908264LN","Black",5809,"NEW","W","F",1
"J00908264LN","Black",11026,"OLD","B","F",0
"J00908264LN","Black",16215,"OLD","W","F",0
"J00908264LN","Black",5847,"OLD","W","M",0
"J00908264LN","Black",27470,"OLD","W","M",0
"J00908264LN","Black",1691,"OLD","W","F",0
"J00908264LN","Black",3649,"OLD","B","M",1
"J00908264LN","Black",24473,"NEW","W","M",0
"J00908264LN","Black",9663,"OLD","B","M",0
"J00908264LN","Black",3476,"OLD","W","F",0
"J00908264LN","Black",2872,"OLD","W","M",0
"J00908264LN","Black",2003,"NEW","W","F",1
"J00908264LN","Black",2434,"NEW","B","F",0
"J00908264LN","Black",2844,"NEW","B","F",0
"J00908264LN","Black",3277,"NEW","W","F",0
"J00908264LN","Black",7545,"OLD","B","F",0
"J00908264LN","Black",2107,"OLD","W","F",0
"J00908264LN","Black",3829,"NEW","B","F",1
"J00908264LN","Black",4581,"OLD","B","M",0
"J00908264LN","Black",40779,"OLD","B","F",0
"J00908264LN","Black",2474,"OLD","B","F",0
"J00908264LN","Black",1851,"OLD","W","F",0
"J00908264LN","Black",7757,"OLD","B","F",0
"J00908264LN","Black",19802,"NEW","B","F",0
"J00908264LN","Black",6542,"NEW","B","M",0
"J00908264LN","Black",18343,"NEW","B","M",1
"J00908264LN","Black",1604,"OLD","W","F",0
"J00908264LN","Black",2833,"NEW","B","M",0
"J00908264LN","Black",3884,"NEW","W","M",0
"J00908264LN","Black",2123,"NEW","W","M",0
"J00908264LN","Black",16306,"NEW","B","F",0
"J00908264LN","Black",12452,"NEW","B","F",0
"J00908264LN","Black",2894,"NEW","B","F",0
"J00908264LN","Black",4535,"OLD","B","F",0
"J00908264LN","Black",2557,"NEW","B","M",1
"J00908264LN","Black",7065,"NEW","W","M",0
"J00908264LN","Black",3122,"NEW","W","F",0
"J00908264LN","Black",2787,"NEW","W","F",0
"J00908264LN","Black",2140,"NEW","B","M",0
"J00908264LN","Black",1937,"OLD","B","M",0
"J00908264LN","Black",3903,"NEW","W","M",0
"J00908264LN","Black",9585,"NEW","W","F",0
"J00908264LN","Black",10665,"NEW","W","M",0
"J00908264LN","Black",9973,"NEW","W","F",0
"J00908264LN","Black",10247,"OLD","W","M",0
"J00908264LN","Black",5348,"NEW","W","M",0
"J00908264LN","Black",3154,"NEW","B","F",0
"J00908264LN","Black",12828,"OLD","W","M",0
"J00908264LN","Black",9181,"NEW","W","M",0
"J00908264LN","Black",4027,"NEW","B","M",0
"J00908264LN","Black",26802,"OLD","W","M",0
"J00908264LN","Black",2014,"NEW","W","M",0
"J00908264LN","Black",8635,"OLD","W","F",1
"J00914039Z.R.","Black",2856,"OLD","W","M",1
"J00914039Z.R.","Black",3187,"OLD","B","M",1
"J00914039Z.R.","Black",2186,"OLD","B","M",0
"J00914039Z.R.","Black",5203,"OLD","W","M",0
"J00914039Z.R.","Black",4116,"OLD","B","F",1
"J00914039Z.R.","Black",11912,"NEW","W","F",0
"J00914039Z.R.","Black",2434,"OLD","W","F",1
"J00914039Z.R.","Black",3166,"OLD","W","M",0
"J00914039Z.R.","Black",3334,"OLD","B","F",0
"J00914039Z.R.","Black",4886,"OLD","B","M",0
"J00914039Z.R.","Black",3203,"NEW","W","F",0
"J00914039Z.R.","Black",2701,"OLD","B","F",1
"J00914039Z.R.","Black",6027,"OLD","W","F",0
"J00914039Z.R.","Black",2678,"NEW","B","F",0
"J00914039Z.R.","Black",2267,"NEW","B","F",1
"J00914039Z.R.","Black",4109,"OLD","W","F",0
"J00914039Z.R.","Black",4657,"OLD","W","M",0
"J00914039Z.R.","Black",3293,"NEW","B","F",0
"J00914039Z.R.","Black",3443,"OLD","B","M",0
"J00914039Z.R.","Black",2107,"OLD","B","M",1
"J00914039Z.R.","Black",2040,"OLD","W","F",0
"J00914039Z.R.","Black",7990,"NEW","W","M",0
"J00914039Z.R.","Black",18231,"NEW","B","M",0
"J00914039Z.R.","Black",5446,"OLD","B","M",0
"J00914039Z.R.","Black",4196,"OLD","B","M",0
"J00914039Z.R.","Black",2894,"OLD","B","F",1
"J00914039Z.R.","Black",2126,"OLD","B","M",1
"J00914039Z.R.","Black",4076,"OLD","B","M",1
"J00914039Z.R.","Black",3772,"OLD","B","M",0
"J00914039Z.R.","Black",2566,"OLD","W","M",0
"J00914039Z.R.","Black",2171,"OLD","W","F",1
"J00914039Z.R.","Black",2530,"OLD","B","F",1
"J00914039Z.R.","Black",4068,"OLD","W","F",0
"J00914039Z.R.","Black",2344,"OLD","B","F",1
"J00914039Z.R.","Black",1990,"OLD","B","F",1
"J00914039Z.R.","Black",2543,"NEW","W","M",0
"J00914039Z.R.","Black",2393,"OLD","W","F",0
"J00914039Z.R.","Black",1980,"NEW","B","F",0
"J00914039Z.R.","Black",2592,"NEW","B","F",0
"J00914039Z.R.","Black",2471,"OLD","W","M",0
"J00914039Z.R.","Black",4770,"OLD","W","F",1
"J00914039Z.R.","Black",2606,"OLD","W","M",0
"J00914039Z.R.","Black",2823,"OLD","B","F",0
"J00914039Z.R.","Black",4243,"NEW","W","F",0
"J00914039Z.R.","Black",3290,"NEW","B","M",0
"J00914039Z.R.","Black",7027,"NEW","B","F",0
"J00914039Z.R.","Black",3474,"OLD","W","M",1
"J00914039Z.R.","Black",2453,"OLD","W","F",0
"J00914039Z.R.","Black",3185,"NEW","W","F",0
"J00914039Z.R.","Black",4595,"NEW","W","M",0
"J00914039Z.R.","Black",8164,"NEW","B","M",0
"J00914039Z.R.","Black",5888,"NEW","B","M",0
"J00914039Z.R.","Black",2319,"NEW","W","M",0
"J00914039Z.R.","Black",2499,"OLD","W","F",1
"J00914039Z.R.","Black",2198,"NEW","W","M",0
"J00914039Z.R.","Black",2729,"NEW","W","M",1
"J00914039Z.R.","Black",3366,"NEW","B","F",0
"J00914039Z.R.","Black",7841,"NEW","W","F",0
"J00914039Z.R.","Black",2399,"NEW","B","M",0
"J00914039Z.R.","Black",2513,"NEW","W","F",0
"J00914039Z.R.","Black",2272,"NEW","B","F",0
"J00914039Z.R.","Black",2117,"OLD","B","F",1
"J00914039Z.R.","Black",2557,"NEW","B","M",0
"J00914039Z.R.","Black",3073,"OLD","W","M",1
"J00914039Z.R.","Black",2177,"NEW","W","M",1
"J00914039Z.R.","Black",2180,"NEW","B","M",0
"J00914039Z.R.","Black",2173,"NEW","W","M",0
"J00914039Z.R.","Black",3655,"NEW","W","F",0
"J00914039Z.R.","Black",4416,"NEW","W","M",0
"J00914039Z.R.","Black",2632,"NEW","B","F",1
"J00914039Z.R.","Black",3238,"NEW","W","M",0
"J00914039Z.R.","Black",2372,"NEW","B","M",1
"J00914039Z.R.","Black",3093,"OLD","W","M",0
"J00914039Z.R.","Black",3529,"OLD","B","F",1
"J00914039Z.R.","Black",3005,"NEW","W","F",1
"J00914039Z.R.","Black",4894,"NEW","B","M",1
"J00914039Z.R.","Black",5048,"NEW","B","F",0
"J00914039Z.R.","Black",2213,"NEW","B","M",1
"J00914039Z.R.","Black",2769,"NEW","W","F",1
"J00914039Z.R.","Black",2608,"NEW","W","F",1
"J009143cb","Black",1443,"OLD","B","F",1
"J009143cb","Black",1700,"NEW","W","F",0
"J009143cb","Black",3762,"NEW","B","M",1
"J009143cb","Black",1761,"OLD","W","M",1
"J009143cb","Black",1586,"OLD","B","F",1
"J009143cb","Black",1706,"OLD","W","F",1
"J009143cb","Black",1385,"OLD","W","F",1
"J009143cb","Black",1248,"OLD","W","F",1
"J009143cb","Black",1429,"OLD","B","F",1
"J009143cb","Black",1316,"OLD","B","F",1
"J009143cb","Black",1329,"OLD","W","F",1
"J009143cb","Black",1414,"NEW","B","M",1
"J009143cb","Black",1364,"OLD","B","F",0
"J009143cb","Black",1783,"NEW","B","M",0
"J009143cb","Black",1392,"NEW","W","F",1
"J009143cb","Black",1397,"OLD","B","M",1
"J009143cb","Black",1507,"OLD","B","M",1
"J009143cb","Black",1388,"OLD","W","F",1
"J009143cb","Black",5556,"NEW","B","M",0
"J009143cb","Black",1425,"OLD","B","F",1
"J009143cb","Black",1336,"OLD","B","M",1
"J009143cb","Black",1217,"OLD","W","M",1
"J009143cb","Black",1622,"NEW","B","F",0
"J009143cb","Black",1538,"NEW","W","F",0
"J009143cb","Black",2349,"OLD","W","M",1
"J009143cb","Black",1668,"OLD","B","M",1
"J009143cb","Black",3020,"OLD","B","M",1
"J009143cb","Black",1565,"OLD","W","M",1
"J009143cb","Black",1497,"OLD","W","M",1
"J009143cb","Black",5025,"NEW","B","F",0
"J009143cb","Black",1534,"NEW","B","F",0
"J009143cb","Black",1453,"NEW","W","F",0
"J009143cb","Black",5440,"NEW","W","F",0
"J009143cb","Black",2362,"NEW","W","M",0
"J009143cb","Black",1612,"NEW","W","M",0
"J009143cb","Black",1476,"OLD","W","F",1
"J009143cb","Black",3283,"OLD","W","F",1
"J009143cb","Black",2272,"NEW","B","F",0
"J009143cb","Black",1420,"OLD","W","F",1
"J009143cb","Black",1898,"OLD","W","M",1
"J009143cb","Black",1572,"NEW","W","F",0
"J009143cb","Black",1471,"OLD","B","F",1
"J009143cb","Black",1569,"NEW","W","M",0
"J009143cb","Black",1725,"OLD","W","M",1
"J009143cb","Black",2891,"NEW","W","F",0
"J009143cb","Black",4007,"NEW","B","F",0
"J009143cb","Black",2191,"NEW","W","M",0
"J009143cb","Black",2010,"NEW","B","F",0
"J009143cb","Black",1369,"NEW","B","M",0
"J009143cb","Black",1356,"NEW","B","M",0
"J009143cb","Black",2279,"OLD","W","F",1
"J009143cb","Black",1307,"NEW","W","M",0
"J009143cb","Black",1339,"NEW","W","M",0
"J009143cb","Black",1520,"OLD","W","F",1
"J009143cb","Black",1337,"NEW","W","F",0
"J009143cb","Black",1365,"OLD","B","M",1
"J009143cb","Black",1552,"NEW","W","M",0
"J009143cb","Black",1505,"NEW","B","M",0
"J009143cb","Black",2256,"NEW","B","F",0
"J009143cb","Black",1489,"NEW","W","M",0
"J009143cb","Black",1620,"NEW","W","F",0
"J009143cb","Black",1283,"NEW","B","M",0
"J009143cb","Black",1702,"NEW","B","F",1
"J009143cb","Black",1612,"OLD","B","F",1
"J009143cb","Black",1864,"OLD","B","M",1
"J009143cb","Black",1361,"NEW","B","F",0
"J009143cb","Black",1386,"OLD","B","M",1
"J009143cb","Black",1458,"OLD","B","F",1
"J009143cb","Black",1346,"OLD","B","M",1
"J009143cb","Black",1300,"NEW","W","M",0
"J009143cb","Black",1718,"OLD","W","M",1
"J009143cb","Black",1227,"OLD","W","M",1
"J009143cb","Black",1830,"NEW","B","F",0
"J009143cb","Black",1943,"OLD","B","M",1
"J009143cb","Black",1234,"NEW","B","M",1
"J009143cb","Black",1339,"OLD","W","M",1
"J009143cb","Black",1599,"OLD","B","F",1
"J009143cb","Black",1516,"NEW","W","M",0
"J009143cb","Black",1477,"NEW","B","M",0
"J009143cb","Black",1533,"NEW","W","F",0
"J00924332TJ","Black",2229,"OLD","W","M",1
"J00924332TJ","Black",18689,"OLD","B","F",1
"J00924332TJ","Black",19709,"OLD","B","M",1
"J00924332TJ","Black",3113,"OLD","B","M",1
"J00924332TJ","Black",1846,"OLD","B","M",1
"J00924332TJ","Black",1743,"NEW","W","M",0
"J00924332TJ","Black",4061,"OLD","B","M",1
"J00924332TJ","Black",2040,"OLD","B","F",1
"J00924332TJ","Black",1970,"NEW","W","M",0
"J00924332TJ","Black",2440,"OLD","B","F",1
"J00924332TJ","Black",8795,"NEW","B","F",0
"J00924332TJ","Black",2139,"OLD","B","M",1
"J00924332TJ","Black",3171,"OLD","B","F",1
"J00924332TJ","Black",2204,"OLD","B","M",1
"J00924332TJ","Black",1922,"OLD","W","F",1
"J00924332TJ","Black",1919,"OLD","W","M",1
"J00924332TJ","Black",1956,"OLD","W","F",0
"J00924332TJ","Black",2345,"OLD","B","M",1
"J00924332TJ","Black",18479,"OLD","W","F",0
"J00924332TJ","Black",1967,"OLD","B","M",1
"J00924332TJ","Black",2533,"OLD","B","F",1
"J00924332TJ","Black",4069,"OLD","W","M",1
"J00924332TJ","Black",2393,"OLD","B","M",1
"J00924332TJ","Black",2499,"OLD","W","F",1
"J00924332TJ","Black",12369,"OLD","W","F",1
"J00924332TJ","Black",2888,"NEW","B","F",0
"J00924332TJ","Black",1240,"OLD","W","F",0
"J00924332TJ","Black",2009,"OLD","W","F",1
"J00924332TJ","Black",2200,"OLD","W","M",1
"J00924332TJ","Black",2604,"OLD","W","M",1
"J00924332TJ","Black",2273,"OLD","B","F",1
"J00924332TJ","Black",3388,"OLD","W","F",1
"J00924332TJ","Black",6342,"OLD","W","M",1
"J00924332TJ","Black",4341,"OLD","W","F",1
"J00924332TJ","Black",4900,"NEW","W","F",0
"J00924332TJ","Black",2807,"NEW","W","M",0
"J00924332TJ","Black",8052,"NEW","B","M",1
"J00924332TJ","Black",4222,"OLD","B","F",1
"J00924332TJ","Black",3201,"OLD","B","M",1
"J00924332TJ","Black",2118,"NEW","W","F",0
"J00924332TJ","Black",1828,"NEW","B","F",1
"J00924332TJ","Black",2123,"NEW","B","F",0
"J00924332TJ","Black",2469,"NEW","W","M",0
"J00924332TJ","Black",2395,"NEW","W","F",1
"J00924332TJ","Black",6502,"NEW","W","F",1
"J00924332TJ","Black",2259,"NEW","B","M",0
"J00924332TJ","Black",2201,"NEW","B","M",0
"J00924332TJ","Black",2813,"NEW","W","M",0
"J00924332TJ","Black",2375,"NEW","B","M",0
"J00924332TJ","Black",2901,"NEW","W","F",0
"J00924332TJ","Black",1621,"NEW","W","F",0
"J00924332TJ","Black",3273,"NEW","W","F",0
"J00924332TJ","Black",3085,"OLD","W","M",0
"J00924332TJ","Black",1635,"NEW","B","M",0
"J00924332TJ","Black",11748,"NEW","B","F",1
"J00924332TJ","Black",1539,"NEW","B","F",1
"J00924332TJ","Black",3762,"NEW","B","F",0
"J00924332TJ","Black",1522,"NEW","W","M",0
"J00924332TJ","Black",1771,"NEW","B","M",0
"J00924332TJ","Black",2387,"OLD","B","F",0
"J00924332TJ","Black",2034,"OLD","W","M",0
"J00924332TJ","Black",2863,"OLD","B","F",1
"J00924332TJ","Black",1707,"OLD","W","M",1
"J00924332TJ","Black",2219,"NEW","W","F",0
"J00924332TJ","Black",1611,"NEW","W","M",0
"J00924332TJ","Black",2266,"NEW","B","M",0
"J00924332TJ","Black",3064,"OLD","B","F",1
"J00924332TJ","Black",1825,"NEW","B","M",0
"J00924332TJ","Black",1589,"NEW","W","F",0
"J00924332TJ","Black",3666,"NEW","W","F",0
"J00924332TJ","Black",5404,"NEW","B","M",0
"J00924332TJ","Black",3428,"NEW","B","M",0
"J00924332TJ","Black",1598,"OLD","W","F",1
"J00924332TJ","Black",3342,"NEW","W","M",0
"J00924332TJ","Black",4521,"NEW","B","F",0
"J00924332TJ","Black",2501,"OLD","W","M",1
"J00924332TJ","Black",3047,"NEW","W","M",0
"J00924332TJ","Black",2080,"NEW","B","F",0
"J00924332TJ","Black",3664,"NEW","B","F",0
"J00924332TJ","Black",1885,"NEW","W","M",0
"J00926853EC","Black",3800,"OLD","W","F",1
"J00926853EC","Black",2266,"NEW","W","M",1
"J00926853EC","Black",2595,"OLD","B","F",1
"J00926853EC","Black",4106,"NEW","B","F",0
"J00926853EC","Black",2629,"OLD","W","M",1
"J00926853EC","Black",2773,"OLD","B","F",1
"J00926853EC","Black",2821,"OLD","B","F",1
"J00926853EC","Black",10959,"NEW","W","F",0
"J00926853EC","Black",2419,"NEW","W","F",0
"J00926853EC","Black",2606,"OLD","W","M",1
"J00926853EC","Black",2815,"OLD","B","M",0
"J00926853EC","Black",2780,"NEW","W","F",0
"J00926853EC","Black",3377,"NEW","B","F",0
"J00926853EC","Black",4899,"OLD","B","F",1
"J00926853EC","Black",3053,"OLD","B","F",1
"J00926853EC","Black",3165,"NEW","W","F",0
"J00926853EC","Black",3003,"OLD","B","M",1
"J00926853EC","Black",3043,"OLD","W","F",1
"J00926853EC","Black",2953,"NEW","W","M",0
"J00926853EC","Black",2189,"NEW","B","F",0
"J00926853EC","Black",2720,"OLD","W","M",1
"J00926853EC","Black",2103,"OLD","B","M",1
"J00926853EC","Black",3282,"OLD","B","F",1
"J00926853EC","Black",2101,"NEW","B","F",0
"J00926853EC","Black",2869,"OLD","B","F",1
"J00926853EC","Black",3671,"OLD","W","M",1
"J00926853EC","Black",2429,"OLD","B","M",1
"J00926853EC","Black",4093,"OLD","B","M",0
"J00926853EC","Black",2679,"OLD","B","F",1
"J00926853EC","Black",9857,"OLD","B","M",0
"J00926853EC","Black",2247,"NEW","B","M",0
"J00926853EC","Black",2038,"OLD","W","F",1
"J00926853EC","Black",5038,"OLD","W","F",0
"J00926853EC","Black",8780,"NEW","W","M",0
"J00926853EC","Black",3385,"OLD","W","M",1
"J00926853EC","Black",2614,"NEW","B","F",0
"J00926853EC","Black",3405,"OLD","W","F",1
"J00926853EC","Black",3295,"NEW","B","M",0
"J00926853EC","Black",2868,"OLD","W","F",0
"J00926853EC","Black",2517,"NEW","W","M",0
"J00926853EC","Black",2466,"NEW","W","M",0
"J00926853EC","Black",4314,"NEW","W","F",0
"J00926853EC","Black",2398,"OLD","W","M",0
"J00926853EC","Black",2936,"OLD","B","M",1
"J00926853EC","Black",3527,"NEW","B","F",0
"J00926853EC","Black",2871,"NEW","B","M",0
"J00926853EC","Black",2979,"NEW","B","M",0
"J00926853EC","Black",2550,"NEW","B","M",0
"J00926853EC","Black",2604,"NEW","W","F",0
"J00926853EC","Black",5643,"NEW","W","M",0
"J00926853EC","Black",2526,"OLD","W","F",0
"J00926853EC","Black",2318,"NEW","B","F",0
"J00926853EC","Black",4217,"OLD","W","M",0
"J00926853EC","Black",3905,"OLD","B","M",0
"J00926853EC","Black",2277,"NEW","B","M",0
"J00926853EC","Black",4528,"NEW","B","F",0
"J00926853EC","Black",12877,"NEW","W","F",0
"J00926853EC","Black",2323,"OLD","W","F",1
"J00926853EC","Black",3423,"OLD","W","F",1
"J00926853EC","Black",2805,"NEW","B","M",0
"J00926853EC","Black",19613,"NEW","W","M",0
"J00926853EC","Black",3024,"NEW","B","F",0
"J00926853EC","Black",3103,"NEW","W","F",0
"J00926853EC","Black",2782,"NEW","W","M",0
"J00926853EC","Black",2272,"OLD","B","F",1
"J00926853EC","Black",2626,"NEW","B","M",1
"J00926853EC","Black",2368,"NEW","W","F",0
"J00926853EC","Black",3794,"OLD","B","F",0
"J00926853EC","Black",2322,"OLD","B","M",0
"J00926853EC","Black",2670,"OLD","W","M",1
"J00926853EC","Black",4933,"OLD","W","F",1
"J00926853EC","Black",2452,"OLD","W","M",1
"J00926853EC","Black",5091,"OLD","B","M",0
"J00926853EC","Black",2615,"OLD","W","M",1
"J00926853EC","Black",2791,"NEW","B","M",0
"J00926853EC","Black",2495,"NEW","B","F",0
"J00926853EC","Black",4240,"NEW","W","M",0
"J00926853EC","Black",2350,"NEW","W","M",0
"J00926853EC","Black",2776,"NEW","W","F",0
"J00926853EC","Black",2921,"NEW","B","M",0
"J00934210CC","Black",2795,"OLD","B","M",1
"J00934210CC","Black",2013,"OLD","W","F",1
"J00934210CC","Black",2033,"OLD","B","F",1
"J00934210CC","Black",1693,"OLD","W","F",1
"J00934210CC","Black",1829,"OLD","W","F",1
"J00934210CC","Black",3753,"NEW","W","F",0
"J00934210CC","Black",2208,"OLD","W","M",1
"J00934210CC","Black",1666,"OLD","W","M",1
"J00934210CC","Black",2542,"OLD","W","M",1
"J00934210CC","Black",2694,"OLD","B","M",1
"J00934210CC","Black",1963,"OLD","B","M",1
"J00934210CC","Black",2240,"OLD","W","M",0
"J00934210CC","Black",2293,"OLD","W","F",1
"J00934210CC","Black",3042,"OLD","W","F",0
"J00934210CC","Black",3826,"OLD","B","M",1
"J00934210CC","Black",2052,"OLD","W","M",1
"J00934210CC","Black",2419,"OLD","B","M",1
"J00934210CC","Black",2421,"NEW","W","M",0
"J00934210CC","Black",3410,"NEW","B","M",1
"J00934210CC","Black",2334,"OLD","W","M",1
"J00934210CC","Black",1638,"OLD","W","F",1
"J00934210CC","Black",1766,"OLD","B","M",1
"J00934210CC","Black",2089,"OLD","W","F",1
"J00934210CC","Black",1965,"NEW","B","M",0
"J00934210CC","Black",1789,"OLD","B","M",1
"J00934210CC","Black",1759,"OLD","B","F",1
"J00934210CC","Black",2256,"NEW","W","F",0
"J00934210CC","Black",2303,"OLD","W","M",1
"J00934210CC","Black",2678,"OLD","W","F",1
"J00934210CC","Black",2419,"OLD","W","F",1
"J00934210CC","Black",1946,"OLD","B","M",1
"J00934210CC","Black",2128,"OLD","B","F",1
"J00934210CC","Black",2393,"OLD","B","F",1
"J00934210CC","Black",2496,"OLD","B","F",1
"J00934210CC","Black",1936,"OLD","B","F",1
"J00934210CC","Black",1974,"OLD","B","F",1
"J00934210CC","Black",2021,"OLD","B","F",1
"J00934210CC","Black",1920,"NEW","B","F",0
"J00934210CC","Black",2581,"NEW","B","F",0
"J00934210CC","Black",1868,"OLD","W","M",1
"J00934210CC","Black",1709,"OLD","B","F",1
"J00934210CC","Black",2356,"OLD","W","F",1
"J00934210CC","Black",2621,"NEW","W","F",1
"J00934210CC","Black",3245,"NEW","W","M",1
"J00934210CC","Black",2214,"NEW","B","M",0
"J00934210CC","Black",2049,"NEW","B","M",1
"J00934210CC","Black",2129,"OLD","B","M",1
"J00934210CC","Black",2388,"NEW","B","M",0
"J00934210CC","Black",3065,"NEW","W","F",0
"J00934210CC","Black",1998,"NEW","B","M",1
"J00934210CC","Black",2221,"NEW","W","M",0
"J00934210CC","Black",7408,"NEW","W","F",1
"J00934210CC","Black",2815,"NEW","B","F",0
"J00934210CC","Black",2015,"OLD","B","F",1
"J00934210CC","Black",2757,"OLD","W","M",0
"J00934210CC","Black",2500,"NEW","B","M",0
"J00934210CC","Black",3754,"NEW","W","M",1
"J00934210CC","Black",2102,"NEW","W","F",0
"J00934210CC","Black",3909,"NEW","W","F",1
"J00934210CC","Black",2400,"NEW","W","M",0
"J00934210CC","Black",3451,"NEW","W","M",0
"J00934210CC","Black",2145,"NEW","W","F",0
"J00934210CC","Black",2019,"NEW","B","M",0
"J00934210CC","Black",2281,"NEW","B","F",0
"J00934210CC","Black",2381,"NEW","B","F",0
"J00934210CC","Black",2530,"NEW","B","F",0
"J00934210CC","Black",2477,"OLD","B","M",1
"J00934210CC","Black",2344,"NEW","B","M",0
"J00934210CC","Black",3214,"NEW","W","M",0
"J00934210CC","Black",1914,"NEW","B","F",0
"J00934210CC","Black",2785,"NEW","B","F",1
"J00934210CC","Black",2053,"NEW","B","F",0
"J00934210CC","Black",4883,"NEW","B","F",0
"J00934210CC","Black",2823,"NEW","B","M",1
"J00934210CC","Black",2048,"NEW","W","M",0
"J00934210CC","Black",1986,"NEW","W","F",0
"J00934210CC","Black",2257,"NEW","W","F",0
"J00934210CC","Black",1906,"OLD","W","M",1
"J00934210CC","Black",1957,"NEW","W","M",0
"J00934210CC","Black",2018,"NEW","W","M",0
"J00945071ih","Black",6186,"NEW","B","M",0
"J00945071ih","Black",2006,"OLD","B","F",1
"J00945071ih","Black",4525,"NEW","B","F",0
"J00945071ih","Black",2285,"OLD","W","F",1
"J00945071ih","Black",2529,"OLD","B","M",1
"J00945071ih","Black",3582,"OLD","W","F",1
"J00945071ih","Black",2596,"OLD","B","M",1
"J00945071ih","Black",2391,"OLD","B","F",0
"J00945071ih","Black",5353,"OLD","W","M",0
"J00945071ih","Black",3613,"OLD","W","F",0
"J00945071ih","Black",2231,"NEW","B","F",0
"J00945071ih","Black",2721,"OLD","B","M",0
"J00945071ih","Black",2197,"NEW","B","F",0
"J00945071ih","Black",2429,"NEW","W","F",0
"J00945071ih","Black",2419,"OLD","B","M",1
"J00945071ih","Black",4502,"NEW","B","M",0
"J00945071ih","Black",2505,"OLD","W","F",1
"J00945071ih","Black",5295,"OLD","W","F",1
"J00945071ih","Black",3058,"OLD","W","M",1
"J00945071ih","Black",2800,"OLD","B","M",0
"J00945071ih","Black",2338,"OLD","B","F",1
"J00945071ih","Black",4248,"NEW","B","F",0
"J00945071ih","Black",5127,"OLD","W","F",0
"J00945071ih","Black",10640,"OLD","W","M",1
"J00945071ih","Black",2444,"NEW","W","M",0
"J00945071ih","Black",7686,"OLD","B","M",1
"J00945071ih","Black",10046,"OLD","W","F",1
"J00945071ih","Black",5392,"NEW","W","M",0
"J00945071ih","Black",5658,"NEW","W","F",0
"J00945071ih","Black",2145,"NEW","W","F",0
"J00945071ih","Black",2180,"OLD","W","M",0
"J00945071ih","Black",3912,"OLD","W","M",1
"J00945071ih","Black",2778,"OLD","W","M",0
"J00945071ih","Black",2552,"OLD","B","F",1
"J00945071ih","Black",3339,"OLD","B","M",1
"J00945071ih","Black",7378,"OLD","W","F",1
"J00945071ih","Black",2992,"NEW","W","M",0
"J00945071ih","Black",2218,"OLD","B","F",1
"J00945071ih","Black",2581,"NEW","W","F",1
"J00945071ih","Black",4178,"NEW","W","M",0
"J00945071ih","Black",2808,"OLD","W","M",0
"J00945071ih","Black",32843,"OLD","W","M",1
"J00945071ih","Black",4097,"OLD","B","F",1
"J00945071ih","Black",9520,"NEW","B","F",0
"J00945071ih","Black",2558,"NEW","B","F",0
"J00945071ih","Black",15699,"NEW","W","F",0
"J00945071ih","Black",4420,"NEW","B","F",0
"J00945071ih","Black",2448,"NEW","W","F",0
"J00945071ih","Black",1984,"NEW","W","F",0
"J00945071ih","Black",6271,"OLD","W","M",1
"J00945071ih","Black",2316,"NEW","B","M",0
"J00945071ih","Black",4260,"OLD","B","F",1
"J00945071ih","Black",2491,"OLD","W","F",1
"J00945071ih","Black",2859,"OLD","B","F",1
"J00945071ih","Black",19950,"NEW","B","M",0
"J00945071ih","Black",7235,"NEW","W","M",0
"J00945071ih","Black",2508,"OLD","B","M",1
"J00945071ih","Black",1880,"NEW","W","F",0
"J00945071ih","Black",2775,"NEW","W","M",0
"J00945071ih","Black",2817,"OLD","B","F",1
"J00945071ih","Black",3247,"OLD","B","M",0
"J00945071ih","Black",2851,"OLD","B","M",0
"J00945071ih","Black",7807,"NEW","B","M",0
"J00945071ih","Black",2603,"NEW","B","M",0
"J00945071ih","Black",2824,"NEW","W","M",0
"J00945071ih","Black",3772,"NEW","B","M",0
"J00945071ih","Black",4427,"NEW","B","M",0
"J00945071ih","Black",2940,"NEW","W","F",0
"J00945071ih","Black",2222,"NEW","B","F",0
"J00945071ih","Black",21508,"OLD","W","F",1
"J00945071ih","Black",2839,"NEW","B","F",0
"J00945071ih","Black",19560,"NEW","B","F",0
"J00945071ih","Black",2133,"OLD","B","F",1
"J00945071ih","Black",5561,"OLD","W","M",1
"J00945071ih","Black",6929,"NEW","W","M",0
"J00945071ih","Black",3996,"NEW","W","M",0
"J00945071ih","Black",16322,"NEW","W","M",0
"J00945071ih","Black",2694,"NEW","B","M",0
"J00945071ih","Black",5615,"NEW","W","F",1
"J00945071ih","Black",2290,"NEW","B","M",0
"J00951218TP","Black",3181,"OLD","B","F",1
"J00951218TP","Black",2651,"OLD","W","M",0
"J00951218TP","Black",6695,"OLD","W","M",1
"J00951218TP","Black",3046,"OLD","B","F",1
"J00951218TP","Black",3181,"OLD","W","M",0
"J00951218TP","Black",3160,"NEW","W","F",0
"J00951218TP","Black",2551,"OLD","B","M",1
"J00951218TP","Black",2076,"OLD","B","M",1
"J00951218TP","Black",2839,"OLD","B","F",1
"J00951218TP","Black",2356,"OLD","B","F",1
"J00951218TP","Black",2722,"NEW","W","F",0
"J00951218TP","Black",2737,"OLD","B","F",1
"J00951218TP","Black",2176,"OLD","W","M",1
"J00951218TP","Black",2657,"NEW","W","M",0
"J00951218TP","Black",2894,"NEW","B","F",0
"J00951218TP","Black",2742,"NEW","B","M",0
"J00951218TP","Black",2513,"OLD","B","M",1
"J00951218TP","Black",3328,"OLD","W","M",0
"J00951218TP","Black",3723,"NEW","W","F",0
"J00951218TP","Black",3369,"OLD","B","M",1
"J00951218TP","Black",2948,"OLD","W","F",0
"J00951218TP","Black",3261,"OLD","W","M",0
"J00951218TP","Black",2399,"NEW","B","F",0
"J00951218TP","Black",2328,"NEW","B","M",0
"J00951218TP","Black",2956,"NEW","B","F",0
"J00951218TP","Black",2221,"NEW","W","M",0
"J00951218TP","Black",2387,"NEW","B","F",0
"J00951218TP","Black",5571,"OLD","W","F",1
"J00951218TP","Black",3991,"OLD","B","F",1
"J00951218TP","Black",2695,"OLD","B","F",1
"J00951218TP","Black",2302,"NEW","B","M",0
"J00951218TP","Black",2336,"NEW","W","M",0
"J00951218TP","Black",2390,"OLD","B","M",1
"J00951218TP","Black",2490,"OLD","W","M",0
"J00951218TP","Black",2495,"NEW","B","M",0
"J00951218TP","Black",3751,"NEW","W","M",1
"J00951218TP","Black",4135,"OLD","B","F",1
"J00951218TP","Black",2734,"OLD","B","M",0
"J00951218TP","Black",4281,"OLD","B","M",1
"J00951218TP","Black",3912,"OLD","B","F",1
"J00951218TP","Black",2232,"OLD","W","F",0
"J00951218TP","Black",1633,"NEW","W","M",0
"J00951218TP","Black",2707,"NEW","B","F",0
"J00951218TP","Black",2412,"OLD","W","M",0
"J00951218TP","Black",2781,"OLD","W","M",0
"J00951218TP","Black",1769,"NEW","B","M",0
"J00951218TP","Black",2633,"NEW","B","M",0
"J00951218TP","Black",2662,"NEW","B","M",0
"J00951218TP","Black",2300,"NEW","W","M",0
"J00951218TP","Black",2013,"OLD","B","M",1
"J00951218TP","Black",1960,"OLD","W","F",0
"J00951218TP","Black",2620,"NEW","W","M",0
"J00951218TP","Black",3240,"OLD","B","F",0
"J00951218TP","Black",2220,"NEW","W","F",0
"J00951218TP","Black",3129,"OLD","W","F",1
"J00951218TP","Black",2353,"NEW","B","F",0
"J00951218TP","Black",2050,"NEW","B","M",0
"J00951218TP","Black",2028,"NEW","B","F",0
"J00951218TP","Black",2468,"OLD","W","F",1
"J00951218TP","Black",1902,"NEW","W","M",0
"J00951218TP","Black",1913,"NEW","W","F",0
"J00951218TP","Black",2015,"OLD","B","M",0
"J00951218TP","Black",3276,"NEW","B","F",1
"J00951218TP","Black",3536,"NEW","B","M",0
"J00951218TP","Black",2388,"NEW","W","F",1
"J00951218TP","Black",2163,"NEW","W","M",0
"J00951218TP","Black",2618,"OLD","W","F",1
"J00951218TP","Black",1803,"NEW","B","F",0
"J00951218TP","Black",3077,"NEW","W","F",1
"J00951218TP","Black",2455,"OLD","W","F",0
"J00951218TP","Black",3511,"OLD","B","M",1
"J00951218TP","Black",1579,"OLD","W","F",0
"J00951218TP","Black",2609,"NEW","W","M",0
"J00951218TP","Black",2780,"NEW","B","M",0
"J00951218TP","Black",2801,"NEW","W","F",0
"J00951218TP","Black",2583,"OLD","W","M",0
"J00951218TP","Black",1899,"NEW","W","F",0
"J00951218TP","Black",2450,"NEW","W","F",0
"J00951218TP","Black",2343,"OLD","W","F",1
"J00951218TP","Black",1683,"NEW","B","F",0
"J00954142DT","Black",2451,"OLD","B","F",0
"J00954142DT","Black",2239,"OLD","B","M",1
"J00954142DT","Black",2602,"OLD","B","F",0
"J00954142DT","Black",2423,"OLD","B","F",1
"J00954142DT","Black",3146,"OLD","B","M",1
"J00954142DT","Black",2254,"OLD","B","F",1
"J00954142DT","Black",1765,"OLD","W","F",0
"J00954142DT","Black",2421,"OLD","W","F",1
"J00954142DT","Black",1848,"OLD","W","M",0
"J00954142DT","Black",2272,"OLD","W","F",0
"J00954142DT","Black",4726,"OLD","B","F",0
"J00954142DT","Black",2264,"OLD","B","M",1
"J00954142DT","Black",1842,"OLD","B","M",0
"J00954142DT","Black",2453,"NEW","B","F",0
"J00954142DT","Black",2099,"NEW","B","M",0
"J00954142DT","Black",3117,"OLD","W","F",1
"J00954142DT","Black",2326,"OLD","B","F",1
"J00954142DT","Black",2139,"OLD","B","M",1
"J00954142DT","Black",1869,"NEW","B","F",0
"J00954142DT","Black",1911,"NEW","W","F",0
"J00954142DT","Black",2060,"OLD","B","M",0
"J00954142DT","Black",3847,"OLD","W","M",0
"J00954142DT","Black",2234,"OLD","W","M",0
"J00954142DT","Black",2264,"OLD","W","F",1
"J00954142DT","Black",3794,"OLD","B","M",1
"J00954142DT","Black",2210,"OLD","W","F",1
"J00954142DT","Black",2720,"OLD","W","M",1
"J00954142DT","Black",3000,"OLD","B","M",1
"J00954142DT","Black",2621,"OLD","B","F",0
"J00954142DT","Black",3117,"OLD","W","M",1
"J00954142DT","Black",2162,"OLD","B","F",1
"J00954142DT","Black",3455,"OLD","W","M",0
"J00954142DT","Black",4252,"OLD","B","M",1
"J00954142DT","Black",2387,"OLD","W","M",0
"J00954142DT","Black",2061,"OLD","W","M",0
"J00954142DT","Black",2474,"OLD","W","F",1
"J00954142DT","Black",2200,"OLD","B","F",0
"J00954142DT","Black",6209,"NEW","B","F",0
"J00954142DT","Black",2167,"NEW","B","M",0
"J00954142DT","Black",2441,"OLD","B","F",1
"J00954142DT","Black",1954,"OLD","W","M",0
"J00954142DT","Black",2912,"OLD","W","F",1
"J00954142DT","Black",2724,"NEW","B","M",0
"J00954142DT","Black",3808,"NEW","W","F",1
"J00954142DT","Black",2316,"NEW","W","F",0
"J00954142DT","Black",2248,"NEW","W","F",0
"J00954142DT","Black",2333,"OLD","W","F",1
"J00954142DT","Black",1824,"OLD","W","M",0
"J00954142DT","Black",2425,"NEW","W","F",0
"J00954142DT","Black",1910,"NEW","W","M",0
"J00954142DT","Black",1876,"NEW","W","M",0
"J00954142DT","Black",5439,"NEW","W","M",0
"J00954142DT","Black",1913,"NEW","W","M",0
"J00954142DT","Black",1968,"NEW","W","M",0
"J00954142DT","Black",2395,"NEW","B","F",0
"J00954142DT","Black",1963,"NEW","B","M",0
"J00954142DT","Black",4800,"NEW","B","M",0
"J00954142DT","Black",3425,"NEW","B","F",1
"J00954142DT","Black",1990,"NEW","W","M",0
"J00954142DT","Black",3254,"NEW","W","M",0
"J00954142DT","Black",1952,"NEW","B","F",0
"J00954142DT","Black",1952,"NEW","B","M",0
"J00954142DT","Black",2493,"NEW","B","M",0
"J00954142DT","Black",5322,"NEW","W","F",0
"J00954142DT","Black",2368,"NEW","B","M",0
"J00954142DT","Black",2403,"NEW","B","M",0
"J00954142DT","Black",2127,"NEW","B","M",0
"J00954142DT","Black",2140,"NEW","B","F",0
"J00954142DT","Black",1849,"OLD","W","F",0
"J00954142DT","Black",2279,"NEW","B","F",0
"J00954142DT","Black",1887,"NEW","W","M",0
"J00954142DT","Black",2042,"OLD","B","M",0
"J00954142DT","Black",1864,"NEW","W","M",0
"J00954142DT","Black",1857,"NEW","W","F",0
"J00954142DT","Black",2259,"NEW","B","F",0
"J00954142DT","Black",2361,"NEW","W","F",0
"J00954142DT","Black",1796,"NEW","W","M",0
"J00954142DT","Black",3383,"NEW","W","F",0
"J00954142DT","Black",2270,"NEW","W","F",0
"J00954142DT","Black",2004,"NEW","B","F",0
"J00958620CR","Black",2527,"OLD","B","F",1
"J00958620CR","Black",2835,"OLD","W","F",1
"J00958620CR","Black",2361,"OLD","B","F",1
"J00958620CR","Black",2195,"OLD","W","F",1
"J00958620CR","Black",5365,"OLD","B","F",1
"J00958620CR","Black",2153,"OLD","W","M",1
"J00958620CR","Black",4032,"OLD","W","M",0
"J00958620CR","Black",2443,"OLD","W","M",1
"J00958620CR","Black",2508,"NEW","B","M",0
"J00958620CR","Black",2793,"NEW","W","F",0
"J00958620CR","Black",6559,"OLD","W","M",1
"J00958620CR","Black",2244,"OLD","W","M",1
"J00958620CR","Black",2550,"NEW","W","M",0
"J00958620CR","Black",2533,"NEW","B","F",0
"J00958620CR","Black",2660,"NEW","W","M",0
"J00958620CR","Black",4185,"OLD","B","M",1
"J00958620CR","Black",2367,"OLD","B","M",1
"J00958620CR","Black",2559,"OLD","B","F",1
"J00958620CR","Black",2329,"OLD","W","F",1
"J00958620CR","Black",2548,"NEW","B","F",0
"J00958620CR","Black",4120,"NEW","W","M",1
"J00958620CR","Black",3270,"NEW","W","M",0
"J00958620CR","Black",2250,"OLD","W","M",1
"J00958620CR","Black",2092,"OLD","B","M",1
"J00958620CR","Black",2809,"OLD","B","F",1
"J00958620CR","Black",2316,"OLD","W","F",1
"J00958620CR","Black",2237,"OLD","W","M",1
"J00958620CR","Black",3211,"NEW","B","M",1
"J00958620CR","Black",2696,"OLD","B","M",1
"J00958620CR","Black",4273,"OLD","B","M",1
"J00958620CR","Black",2081,"OLD","W","M",1
"J00958620CR","Black",3402,"OLD","B","F",0
"J00958620CR","Black",5093,"OLD","W","F",1
"J00958620CR","Black",2270,"OLD","B","F",1
"J00958620CR","Black",2186,"OLD","W","F",1
"J00958620CR","Black",2577,"OLD","W","F",1
"J00958620CR","Black",2421,"OLD","B","M",1
"J00958620CR","Black",2005,"OLD","W","M",0
"J00958620CR","Black",2362,"NEW","B","M",0
"J00958620CR","Black",2188,"OLD","B","M",1
"J00958620CR","Black",2014,"OLD","B","F",1
"J00958620CR","Black",2339,"OLD","B","M",1
"J00958620CR","Black",2313,"OLD","W","F",0
"J00958620CR","Black",11157,"NEW","W","F",0
"J00958620CR","Black",3236,"NEW","W","M",1
"J00958620CR","Black",2974,"NEW","B","F",0
"J00958620CR","Black",5657,"NEW","B","F",0
"J00958620CR","Black",4150,"NEW","W","F",0
"J00958620CR","Black",2598,"NEW","W","F",0
"J00958620CR","Black",2566,"OLD","W","M",1
"J00958620CR","Black",2784,"OLD","B","M",1
"J00958620CR","Black",2003,"OLD","W","F",0
"J00958620CR","Black",3293,"OLD","W","F",1
"J00958620CR","Black",12762,"OLD","B","F",1
"J00958620CR","Black",1662,"OLD","B","M",0
"J00958620CR","Black",2374,"NEW","W","F",0
"J00958620CR","Black",2042,"NEW","B","M",0
"J00958620CR","Black",2504,"NEW","B","M",0
"J00958620CR","Black",2274,"NEW","B","M",0
"J00958620CR","Black",2215,"NEW","B","F",0
"J00958620CR","Black",2153,"NEW","W","M",0
"J00958620CR","Black",3062,"NEW","B","M",0
"J00958620CR","Black",3242,"NEW","B","F",0
"J00958620CR","Black",2033,"NEW","W","F",0
"J00958620CR","Black",3567,"NEW","B","M",0
"J00958620CR","Black",2473,"NEW","B","F",0
"J00958620CR","Black",11105,"NEW","W","M",0
"J00958620CR","Black",2327,"NEW","B","F",0
"J00958620CR","Black",3061,"NEW","B","M",0
"J00958620CR","Black",2066,"NEW","B","F",0
"J00958620CR","Black",2124,"NEW","W","F",0
"J00958620CR","Black",2342,"NEW","B","F",0
"J00958620CR","Black",2290,"NEW","W","F",0
"J00958620CR","Black",2273,"NEW","B","M",0
"J00958620CR","Black",1921,"NEW","W","M",0
"J00958620CR","Black",2414,"NEW","W","F",0
"J00958620CR","Black",1953,"NEW","W","F",0
"J00958620CR","Black",2490,"NEW","W","M",0
"J00958620CR","Black",1982,"NEW","W","M",0
"J00958620CR","Black",2753,"OLD","B","F",1
"J00961267LR","Black",1989,"NEW","W","F",0
"J00961267LR","Black",5477,"OLD","W","M",0
"J00961267LR","Black",2203,"OLD","B","M",1
"J00961267LR","Black",5553,"OLD","W","M",1
"J00961267LR","Black",2585,"OLD","W","M",1
"J00961267LR","Black",2140,"OLD","B","F",1
"J00961267LR","Black",3509,"OLD","W","M",1
"J00961267LR","Black",2451,"OLD","W","F",1
"J00961267LR","Black",4214,"NEW","W","M",0
"J00961267LR","Black",2106,"OLD","B","F",1
"J00961267LR","Black",2665,"OLD","W","M",1
"J00961267LR","Black",2204,"NEW","B","M",0
"J00961267LR","Black",2509,"OLD","B","F",1
"J00961267LR","Black",5384,"NEW","B","M",1
"J00961267LR","Black",3153,"NEW","B","F",1
"J00961267LR","Black",2277,"OLD","B","M",1
"J00961267LR","Black",2076,"OLD","B","F",1
"J00961267LR","Black",2054,"OLD","W","F",1
"J00961267LR","Black",2107,"OLD","B","M",1
"J00961267LR","Black",2068,"OLD","B","F",0
"J00961267LR","Black",2138,"OLD","B","F",1
"J00961267LR","Black",2042,"OLD","B","F",1
"J00961267LR","Black",2508,"NEW","W","M",0
"J00961267LR","Black",4531,"OLD","W","F",1
"J00961267LR","Black",2206,"NEW","B","F",1
"J00961267LR","Black",2442,"OLD","B","M",1
"J00961267LR","Black",2064,"OLD","W","F",1
"J00961267LR","Black",3285,"OLD","W","F",1
"J00961267LR","Black",2778,"OLD","W","M",1
"J00961267LR","Black",2177,"OLD","B","F",0
"J00961267LR","Black",2416,"NEW","B","M",0
"J00961267LR","Black",2146,"NEW","B","M",0
"J00961267LR","Black",2816,"OLD","B","M",1
"J00961267LR","Black",2285,"NEW","B","M",0
"J00961267LR","Black",2254,"NEW","B","F",0
"J00961267LR","Black",2079,"NEW","B","M",0
"J00961267LR","Black",3537,"OLD","B","M",1
"J00961267LR","Black",2376,"OLD","B","M",1
"J00961267LR","Black",4974,"OLD","W","F",1
"J00961267LR","Black",2171,"NEW","W","F",1
"J00961267LR","Black",1922,"NEW","B","M",0
"J00961267LR","Black",2279,"NEW","W","M",1
"J00961267LR","Black",1903,"OLD","W","F",1
"J00961267LR","Black",3416,"OLD","B","M",0
"J00961267LR","Black",3274,"OLD","W","F",1
"J00961267LR","Black",2211,"OLD","W","M",1
"J00961267LR","Black",7115,"NEW","B","F",0
"J00961267LR","Black",2223,"NEW","W","F",0
"J00961267LR","Black",2383,"NEW","B","F",0
"J00961267LR","Black",5303,"NEW","B","F",0
"J00961267LR","Black",2351,"NEW","B","M",0
"J00961267LR","Black",2286,"NEW","W","F",0
"J00961267LR","Black",2408,"NEW","W","F",0
"J00961267LR","Black",2083,"OLD","B","F",1
"J00961267LR","Black",2201,"OLD","B","F",1
"J00961267LR","Black",2364,"OLD","W","M",1
"J00961267LR","Black",2023,"NEW","W","M",0
"J00961267LR","Black",2179,"NEW","B","M",0
"J00961267LR","Black",2133,"NEW","W","F",0
"J00961267LR","Black",2122,"NEW","W","M",0
"J00961267LR","Black",2204,"NEW","B","F",0
"J00961267LR","Black",3389,"OLD","B","M",1
"J00961267LR","Black",2420,"NEW","B","F",0
"J00961267LR","Black",2341,"NEW","W","F",0
"J00961267LR","Black",2394,"NEW","B","F",0
"J00961267LR","Black",2147,"NEW","W","M",0
"J00961267LR","Black",4409,"OLD","W","M",1
"J00961267LR","Black",3758,"OLD","B","M",0
"J00961267LR","Black",2457,"NEW","W","M",0
"J00961267LR","Black",2349,"NEW","W","F",1
"J00961267LR","Black",3390,"NEW","B","F",0
"J00961267LR","Black",2065,"OLD","W","F",1
"J00961267LR","Black",2212,"OLD","W","F",1
"J00961267LR","Black",2268,"NEW","W","M",0
"J00961267LR","Black",2241,"NEW","W","M",0
"J00961267LR","Black",2712,"OLD","W","M",0
"J00961267LR","Black",4201,"NEW","B","M",1
"J00961267LR","Black",4749,"NEW","W","F",0
"J00961267LR","Black",5001,"NEW","W","F",1
"J00961267LR","Black",2184,"NEW","W","M",0
"J00964292CB","Black",1302,"OLD","B","F",1
"J00964292CB","Black",1871,"OLD","W","F",1
"J00964292CB","Black",2044,"OLD","W","F",1
"J00964292CB","Black",1376,"OLD","B","F",1
"J00964292CB","Black",4864,"NEW","B","F",0
"J00964292CB","Black",1437,"OLD","W","F",1
"J00964292CB","Black",2016,"OLD","B","M",1
"J00964292CB","Black",1648,"NEW","W","M",0
"J00964292CB","Black",3694,"NEW","W","M",0
"J00964292CB","Black",1716,"OLD","B","M",1
"J00964292CB","Black",4099,"OLD","B","F",1
"J00964292CB","Black",2481,"NEW","B","M",0
"J00964292CB","Black",2004,"OLD","W","M",1
"J00964292CB","Black",1925,"OLD","B","M",0
"J00964292CB","Black",3027,"OLD","W","F",1
"J00964292CB","Black",1373,"OLD","W","M",1
"J00964292CB","Black",2020,"OLD","B","F",1
"J00964292CB","Black",2330,"OLD","W","M",1
"J00964292CB","Black",4401,"OLD","W","F",1
"J00964292CB","Black",2072,"OLD","W","F",1
"J00964292CB","Black",1486,"OLD","B","F",1
"J00964292CB","Black",1965,"OLD","B","F",1
"J00964292CB","Black",1868,"OLD","B","M",1
"J00964292CB","Black",3194,"OLD","W","F",1
"J00964292CB","Black",1355,"OLD","W","M",1
"J00964292CB","Black",2868,"NEW","B","F",0
"J00964292CB","Black",4602,"NEW","B","M",1
"J00964292CB","Black",2218,"NEW","W","M",0
"J00964292CB","Black",1947,"NEW","W","F",0
"J00964292CB","Black",2529,"NEW","B","F",0
"J00964292CB","Black",1324,"NEW","B","F",0
"J00964292CB","Black",1684,"NEW","B","M",0
"J00964292CB","Black",1879,"NEW","W","M",0
"J00964292CB","Black",5368,"OLD","W","M",1
"J00964292CB","Black",2320,"OLD","B","F",1
"J00964292CB","Black",1298,"OLD","B","M",1
"J00964292CB","Black",3637,"OLD","W","M",1
"J00964292CB","Black",7595,"OLD","W","M",1
"J00964292CB","Black",2412,"OLD","W","F",1
"J00964292CB","Black",1680,"NEW","W","F",0
"J00964292CB","Black",1599,"NEW","W","F",0
"J00964292CB","Black",2234,"NEW","B","F",0
"J00964292CB","Black",3699,"NEW","W","M",1
"J00964292CB","Black",2138,"NEW","W","F",0
"J00964292CB","Black",2953,"NEW","B","M",1
"J00964292CB","Black",2057,"NEW","W","F",0
"J00964292CB","Black",1433,"NEW","W","M",0
"J00964292CB","Black",1542,"NEW","B","M",0
"J00964292CB","Black",1282,"NEW","B","M",0
"J00964292CB","Black",1299,"NEW","B","F",0
"J00964292CB","Black",3368,"NEW","W","M",0
"J00964292CB","Black",4053,"NEW","B","M",0
"J00964292CB","Black",1963,"NEW","B","F",0
"J00964292CB","Black",2266,"NEW","W","M",0
"J00964292CB","Black",6031,"NEW","B","F",0
"J00964292CB","Black",1771,"NEW","B","F",0
"J00964292CB","Black",3573,"OLD","B","M",1
"J00964292CB","Black",2074,"OLD","W","M",1
"J00964292CB","Black",1900,"NEW","W","F",0
"J00964292CB","Black",1715,"OLD","W","M",1
"J00964292CB","Black",1551,"OLD","B","M",1
"J00964292CB","Black",1511,"OLD","B","F",1
"J00964292CB","Black",1595,"OLD","W","F",1
"J00964292CB","Black",5238,"NEW","W","M",0
"J00964292CB","Black",2877,"NEW","B","M",0
"J00964292CB","Black",1332,"OLD","B","M",1
"J00964292CB","Black",1917,"OLD","B","F",1
"J00964292CB","Black",2025,"OLD","W","M",0
"J00964292CB","Black",2230,"OLD","W","F",1
"J00964292CB","Black",2278,"NEW","B","F",0
"J00964292CB","Black",1667,"NEW","W","M",0
"J00964292CB","Black",1568,"NEW","W","F",0
"J00964292CB","Black",3805,"OLD","B","M",0
"J00964292CB","Black",1155,"OLD","B","M",1
"J00964292CB","Black",1938,"NEW","W","F",0
"J00964292CB","Black",1420,"NEW","W","F",0
"J00964292CB","Black",1756,"NEW","B","M",0
"J00964292CB","Black",1741,"OLD","B","F",1
"J00964292CB","Black",2478,"NEW","B","M",0
"J00964292CB","Black",1459,"NEW","W","F",0
"J00965289AL","Black",2660,"NEW","B","F",0
"J00965289AL","Black",3730,"NEW","B","M",1
"J00965289AL","Black",7242,"OLD","W","M",1
"J00965289AL","Black",2623,"OLD","B","M",1
"J00965289AL","Black",2155,"OLD","W","M",0
"J00965289AL","Black",2904,"OLD","W","F",1
"J00965289AL","Black",2667,"OLD","B","F",1
"J00965289AL","Black",2652,"OLD","B","F",1
"J00965289AL","Black",4986,"NEW","B","M",0
"J00965289AL","Black",2823,"OLD","W","F",1
"J00965289AL","Black",3357,"OLD","W","F",1
"J00965289AL","Black",2515,"NEW","W","F",0
"J00965289AL","Black",3746,"OLD","W","M",1
"J00965289AL","Black",4723,"OLD","W","F",1
"J00965289AL","Black",3129,"OLD","B","M",1
"J00965289AL","Black",2753,"OLD","B","M",1
"J00965289AL","Black",2501,"NEW","W","F",0
"J00965289AL","Black",2449,"NEW","W","F",0
"J00965289AL","Black",4975,"OLD","W","F",1
"J00965289AL","Black",2697,"OLD","W","M",1
"J00965289AL","Black",2107,"NEW","B","M",0
"J00965289AL","Black",2782,"OLD","W","M",1
"J00965289AL","Black",2175,"OLD","B","F",1
"J00965289AL","Black",2738,"OLD","B","M",1
"J00965289AL","Black",5617,"OLD","W","M",1
"J00965289AL","Black",4236,"NEW","W","M",0
"J00965289AL","Black",7160,"OLD","W","F",1
"J00965289AL","Black",2896,"OLD","B","M",1
"J00965289AL","Black",3529,"OLD","W","M",1
"J00965289AL","Black",2516,"OLD","B","F",1
"J00965289AL","Black",6956,"OLD","W","F",1
"J00965289AL","Black",2433,"OLD","B","M",1
"J00965289AL","Black",2116,"OLD","B","F",1
"J00965289AL","Black",2308,"NEW","B","F",0
"J00965289AL","Black",2529,"OLD","B","F",1
"J00965289AL","Black",2732,"OLD","B","F",1
"J00965289AL","Black",2232,"OLD","B","F",1
"J00965289AL","Black",7907,"NEW","B","F",0
"J00965289AL","Black",2365,"OLD","W","F",1
"J00965289AL","Black",2539,"OLD","B","M",1
"J00965289AL","Black",4043,"OLD","W","F",1
"J00965289AL","Black",7168,"NEW","B","M",1
"J00965289AL","Black",3502,"NEW","B","F",0
"J00965289AL","Black",3010,"NEW","W","F",0
"J00965289AL","Black",3454,"NEW","W","M",0
"J00965289AL","Black",2784,"NEW","B","M",0
"J00965289AL","Black",2242,"NEW","W","M",0
"J00965289AL","Black",2447,"NEW","B","F",0
"J00965289AL","Black",2604,"NEW","W","F",0
"J00965289AL","Black",2544,"OLD","B","M",1
"J00965289AL","Black",2902,"OLD","W","F",1
"J00965289AL","Black",2474,"NEW","W","M",0
"J00965289AL","Black",2661,"OLD","B","M",1
"J00965289AL","Black",3291,"OLD","W","M",1
"J00965289AL","Black",2296,"NEW","W","F",0
"J00965289AL","Black",2256,"NEW","B","M",0
"J00965289AL","Black",2200,"NEW","W","M",0
"J00965289AL","Black",2496,"NEW","B","M",0
"J00965289AL","Black",2563,"NEW","W","M",0
"J00965289AL","Black",5858,"OLD","B","M",1
"J00965289AL","Black",2336,"NEW","B","F",0
"J00965289AL","Black",2710,"NEW","B","F",0
"J00965289AL","Black",3255,"NEW","W","F",0
"J00965289AL","Black",2487,"NEW","W","F",0
"J00965289AL","Black",2866,"OLD","W","M",0
"J00965289AL","Black",2709,"NEW","B","M",0
"J00965289AL","Black",2224,"NEW","W","M",0
"J00965289AL","Black",2258,"NEW","W","M",0
"J00965289AL","Black",14219,"NEW","B","M",1
"J00965289AL","Black",2418,"NEW","W","F",0
"J00965289AL","Black",1928,"NEW","B","F",0
"J00965289AL","Black",2104,"NEW","B","F",0
"J00965289AL","Black",2755,"NEW","W","M",0
"J00965289AL","Black",3169,"NEW","B","F",0
"J00965289AL","Black",2545,"NEW","W","F",0
"J00965289AL","Black",2931,"OLD","B","F",1
"J00965289AL","Black",2167,"OLD","B","F",1
"J00965289AL","Black",5472,"NEW","W","M",0
"J00965289AL","Black",3754,"NEW","B","M",0
"J00965289AL","Black",2188,"OLD","W","M",1
"J00965453MP","Black",1873,"OLD","B","M",1
"J00965453MP","Black",2159,"OLD","W","F",1
"J00965453MP","Black",3428,"OLD","W","M",1
"J00965453MP","Black",2623,"OLD","B","M",1
"J00965453MP","Black",1907,"OLD","B","M",0
"J00965453MP","Black",2128,"OLD","W","F",0
"J00965453MP","Black",1980,"OLD","B","F",1
"J00965453MP","Black",2129,"OLD","B","F",1
"J00965453MP","Black",2202,"NEW","B","M",0
"J00965453MP","Black",2645,"NEW","B","M",0
"J00965453MP","Black",2088,"OLD","W","F",1
"J00965453MP","Black",2743,"OLD","B","F",1
"J00965453MP","Black",2494,"OLD","W","F",1
"J00965453MP","Black",2755,"OLD","W","M",1
"J00965453MP","Black",2222,"OLD","B","F",1
"J00965453MP","Black",1940,"NEW","B","M",0
"J00965453MP","Black",2514,"OLD","W","F",0
"J00965453MP","Black",3171,"NEW","W","F",0
"J00965453MP","Black",2868,"NEW","B","M",0
"J00965453MP","Black",2143,"NEW","W","F",0
"J00965453MP","Black",2133,"NEW","W","M",0
"J00965453MP","Black",5418,"NEW","B","F",0
"J00965453MP","Black",5761,"OLD","W","M",1
"J00965453MP","Black",2825,"NEW","B","F",0
"J00965453MP","Black",2503,"OLD","B","M",1
"J00965453MP","Black",2696,"OLD","W","M",1
"J00965453MP","Black",3696,"OLD","B","F",1
"J00965453MP","Black",3655,"OLD","W","F",0
"J00965453MP","Black",3250,"NEW","B","F",0
"J00965453MP","Black",2229,"NEW","B","F",0
"J00965453MP","Black",3535,"OLD","B","M",1
"J00965453MP","Black",2303,"NEW","W","M",0
"J00965453MP","Black",2244,"OLD","W","M",1
"J00965453MP","Black",3322,"OLD","W","M",1
"J00965453MP","Black",2947,"OLD","B","M",1
"J00965453MP","Black",4553,"OLD","B","F",1
"J00965453MP","Black",3322,"OLD","W","M",1
"J00965453MP","Black",2175,"NEW","B","M",0
"J00965453MP","Black",2032,"OLD","W","M",1
"J00965453MP","Black",2577,"OLD","W","F",1
"J00965453MP","Black",2156,"OLD","W","M",0
"J00965453MP","Black",3646,"OLD","W","F",0
"J00965453MP","Black",2835,"OLD","W","F",1
"J00965453MP","Black",6697,"NEW","B","F",1
"J00965453MP","Black",3151,"OLD","B","M",1
"J00965453MP","Black",3725,"NEW","B","F",0
"J00965453MP","Black",6485,"NEW","B","F",0
"J00965453MP","Black",2354,"NEW","B","F",0
"J00965453MP","Black",8929,"NEW","W","F",0
"J00965453MP","Black",2170,"OLD","B","F",1
"J00965453MP","Black",2446,"OLD","B","M",0
"J00965453MP","Black",3695,"OLD","B","F",1
"J00965453MP","Black",2143,"NEW","B","M",0
"J00965453MP","Black",2459,"NEW","W","M",0
"J00965453MP","Black",3374,"NEW","W","F",0
"J00965453MP","Black",1899,"NEW","W","M",0
"J00965453MP","Black",3715,"OLD","B","M",1
"J00965453MP","Black",5731,"OLD","W","F",1
"J00965453MP","Black",2252,"NEW","W","F",0
"J00965453MP","Black",2526,"NEW","B","F",0
"J00965453MP","Black",3030,"NEW","W","M",0
"J00965453MP","Black",2032,"NEW","W","M",0
"J00965453MP","Black",2094,"NEW","W","M",0
"J00965453MP","Black",2841,"NEW","W","F",0
"J00965453MP","Black",1973,"NEW","W","F",0
"J00965453MP","Black",3666,"NEW","W","M",0
"J00965453MP","Black",4126,"NEW","W","F",0
"J00965453MP","Black",5322,"NEW","B","M",0
"J00965453MP","Black",5544,"NEW","W","M",0
"J00965453MP","Black",3027,"NEW","B","M",0
"J00965453MP","Black",5424,"OLD","B","F",1
"J00965453MP","Black",2394,"NEW","B","M",0
"J00965453MP","Black",2485,"NEW","B","M",0
"J00965453MP","Black",2444,"NEW","W","F",0
"J00965453MP","Black",2310,"NEW","B","F",0
"J00965453MP","Black",5781,"OLD","B","F",1
"J00965453MP","Black",2639,"NEW","W","F",0
"J00965453MP","Black",2201,"NEW","W","M",0
"J00965453MP","Black",1880,"OLD","B","M",0
"J00965453MP","Black",4978,"OLD","W","M",1
"j00980078CJ","Black",2544,"OLD","W","F",1
"j00980078CJ","Black",3640,"OLD","W","F",1
"j00980078CJ","Black",2158,"OLD","W","F",1
"j00980078CJ","Black",1964,"OLD","W","M",1
"j00980078CJ","Black",2752,"OLD","B","F",0
"j00980078CJ","Black",2030,"OLD","W","F",1
"j00980078CJ","Black",2109,"OLD","B","F",1
"j00980078CJ","Black",3041,"OLD","W","M",1
"j00980078CJ","Black",2317,"OLD","B","F",1
"j00980078CJ","Black",2089,"OLD","W","F",1
"j00980078CJ","Black",2182,"OLD","W","M",0
"j00980078CJ","Black",2130,"OLD","W","F",1
"j00980078CJ","Black",2824,"OLD","W","F",1
"j00980078CJ","Black",2108,"OLD","B","F",1
"j00980078CJ","Black",2094,"OLD","B","M",1
"j00980078CJ","Black",2498,"OLD","B","M",1
"j00980078CJ","Black",3291,"OLD","W","F",1
"j00980078CJ","Black",2091,"OLD","B","F",1
"j00980078CJ","Black",1864,"OLD","B","F",1
"j00980078CJ","Black",1846,"OLD","W","M",1
"j00980078CJ","Black",2592,"OLD","B","M",1
"j00980078CJ","Black",1868,"OLD","B","M",1
"j00980078CJ","Black",2675,"OLD","B","F",1
"j00980078CJ","Black",6481,"OLD","W","M",1
"j00980078CJ","Black",2284,"OLD","W","M",1
"j00980078CJ","Black",2306,"OLD","B","M",1
"j00980078CJ","Black",2171,"OLD","B","F",1
"j00980078CJ","Black",2010,"OLD","B","M",1
"j00980078CJ","Black",1785,"OLD","B","M",1
"j00980078CJ","Black",2070,"OLD","B","M",1
"j00980078CJ","Black",2087,"OLD","W","F",1
"j00980078CJ","Black",2352,"OLD","B","M",1
"j00980078CJ","Black",3687,"OLD","W","M",0
"j00980078CJ","Black",2138,"OLD","B","F",1
"j00980078CJ","Black",2164,"OLD","W","M",1
"j00980078CJ","Black",2047,"OLD","W","M",1
"j00980078CJ","Black",2098,"OLD","W","M",1
"j00980078CJ","Black",2689,"OLD","B","M",0
"j00980078CJ","Black",5664,"OLD","B","F",1
"j00980078CJ","Black",1989,"NEW","B","M",0
"j00980078CJ","Black",2848,"NEW","B","M",0
"j00980078CJ","Black",4684,"OLD","W","F",0
"j00980078CJ","Black",2705,"NEW","B","F",0
"j00980078CJ","Black",2366,"NEW","W","F",0
"j00980078CJ","Black",1937,"NEW","B","M",0
"j00980078CJ","Black",2067,"NEW","B","M",0
"j00980078CJ","Black",3427,"NEW","W","M",0
"j00980078CJ","Black",5021,"NEW","W","M",0
"j00980078CJ","Black",3091,"NEW","W","M",0
"j00980078CJ","Black",2209,"NEW","B","M",0
"j00980078CJ","Black",2079,"NEW","W","F",0
"j00980078CJ","Black",2230,"NEW","W","F",0
"j00980078CJ","Black",2149,"NEW","W","M",0
"j00980078CJ","Black",2286,"NEW","W","M",0
"j00980078CJ","Black",1939,"NEW","W","F",0
"j00980078CJ","Black",2359,"NEW","B","F",0
"j00980078CJ","Black",1988,"NEW","W","F",0
"j00980078CJ","Black",2834,"NEW","W","M",0
"j00980078CJ","Black",2288,"NEW","W","F",0
"j00980078CJ","Black",2484,"NEW","W","M",0
"j00980078CJ","Black",2396,"NEW","B","F",0
"j00980078CJ","Black",28324,"NEW","W","F",0
"j00980078CJ","Black",4082,"NEW","B","F",0
"j00980078CJ","Black",3925,"NEW","W","M",0
"j00980078CJ","Black",3665,"NEW","B","F",0
"j00980078CJ","Black",2248,"NEW","B","M",0
"j00980078CJ","Black",2003,"NEW","W","F",0
"j00980078CJ","Black",1966,"NEW","W","F",0
"j00980078CJ","Black",2139,"NEW","B","M",0
"j00980078CJ","Black",2226,"NEW","B","F",0
"j00980078CJ","Black",2001,"NEW","B","M",0
"j00980078CJ","Black",2022,"NEW","B","F",0
"j00980078CJ","Black",2457,"NEW","W","M",0
"j00980078CJ","Black",1936,"NEW","B","F",0
"j00980078CJ","Black",1970,"NEW","B","M",0
"j00980078CJ","Black",2668,"NEW","B","F",0
"j00980078CJ","Black",2158,"NEW","B","F",0
"j00980078CJ","Black",1954,"NEW","W","F",0
"j00980078CJ","Black",1977,"NEW","W","M",0
"j00980078CJ","Black",1853,"NEW","B","M",0
"j00981726AB","Black",2426,"OLD","W","M",1
"j00981726AB","Black",1929,"OLD","W","M",1
"j00981726AB","Black",2161,"OLD","B","M",1
"j00981726AB","Black",1813,"OLD","W","M",1
"j00981726AB","Black",4657,"OLD","B","M",0
"j00981726AB","Black",2278,"OLD","W","F",0
"j00981726AB","Black",2073,"NEW","B","F",0
"j00981726AB","Black",3628,"OLD","W","M",1
"j00981726AB","Black",5142,"OLD","B","F",1
"j00981726AB","Black",3271,"OLD","W","M",0
"j00981726AB","Black",2486,"OLD","B","F",1
"j00981726AB","Black",3777,"OLD","W","F",1
"j00981726AB","Black",4516,"OLD","B","F",1
"j00981726AB","Black",3395,"OLD","W","F",1
"j00981726AB","Black",1767,"OLD","B","F",0
"j00981726AB","Black",1880,"OLD","W","M",0
"j00981726AB","Black",3392,"OLD","B","F",1
"j00981726AB","Black",4607,"OLD","W","M",1
"j00981726AB","Black",2309,"OLD","W","M",0
"j00981726AB","Black",2420,"OLD","B","M",1
"j00981726AB","Black",2342,"OLD","W","F",0
"j00981726AB","Black",6087,"NEW","B","M",0
"j00981726AB","Black",2996,"NEW","W","F",0
"j00981726AB","Black",2818,"NEW","B","F",0
"j00981726AB","Black",3465,"NEW","W","M",0
"j00981726AB","Black",2765,"NEW","W","M",0
"j00981726AB","Black",1967,"NEW","W","M",0
"j00981726AB","Black",3575,"NEW","W","F",1
"j00981726AB","Black",2071,"NEW","B","F",0
"j00981726AB","Black",7612,"OLD","B","F",0
"j00981726AB","Black",5732,"OLD","B","M",1
"j00981726AB","Black",2825,"OLD","B","F",0
"j00981726AB","Black",1839,"NEW","W","F",0
"j00981726AB","Black",1888,"NEW","W","F",0
"j00981726AB","Black",3427,"OLD","B","F",1
"j00981726AB","Black",2063,"OLD","B","M",1
"j00981726AB","Black",2129,"OLD","B","M",1
"j00981726AB","Black",2473,"OLD","W","F",1
"j00981726AB","Black",1878,"OLD","W","M",1
"j00981726AB","Black",1805,"NEW","B","F",0
"j00981726AB","Black",3558,"NEW","W","F",0
"j00981726AB","Black",2762,"NEW","W","F",0
"j00981726AB","Black",3152,"NEW","B","M",0
"j00981726AB","Black",3354,"NEW","B","F",0
"j00981726AB","Black",2213,"NEW","W","F",0
"j00981726AB","Black",3230,"NEW","B","M",0
"j00981726AB","Black",4331,"NEW","B","F",0
"j00981726AB","Black",3729,"NEW","B","F",0
"j00981726AB","Black",4563,"NEW","B","M",1
"j00981726AB","Black",3882,"NEW","W","M",0
"j00981726AB","Black",3838,"NEW","W","M",0
"j00981726AB","Black",3702,"NEW","W","M",0
"j00981726AB","Black",1713,"NEW","W","F",0
"j00981726AB","Black",3865,"NEW","B","F",0
"j00981726AB","Black",2362,"NEW","W","M",0
"j00981726AB","Black",1956,"NEW","B","M",0
"j00981726AB","Black",2593,"OLD","W","F",1
"j00981726AB","Black",1927,"OLD","W","F",0
"j00981726AB","Black",3039,"NEW","W","M",0
"j00981726AB","Black",2452,"OLD","W","F",1
"j00981726AB","Black",2532,"OLD","B","F",1
"j00981726AB","Black",2413,"OLD","B","M",1
"j00981726AB","Black",1770,"OLD","W","M",0
"j00981726AB","Black",2315,"OLD","W","F",1
"j00981726AB","Black",2591,"OLD","B","M",1
"j00981726AB","Black",3362,"OLD","B","F",1
"j00981726AB","Black",2193,"OLD","B","M",1
"j00981726AB","Black",6618,"OLD","B","M",1
"j00981726AB","Black",3016,"OLD","W","F",0
"j00981726AB","Black",3395,"NEW","B","M",0
"j00981726AB","Black",2595,"NEW","W","F",1
"j00981726AB","Black",4079,"NEW","W","F",0
"j00981726AB","Black",2772,"NEW","B","M",0
"j00981726AB","Black",3350,"NEW","W","M",0
"j00981726AB","Black",2243,"NEW","B","F",0
"j00981726AB","Black",1935,"NEW","B","F",0
"j00981726AB","Black",2259,"NEW","W","M",0
"j00981726AB","Black",4161,"NEW","B","M",0
"j00981726AB","Black",3206,"NEW","B","M",0
"j00981726AB","Black",2072,"NEW","B","M",0
"j00983550MKN","Black",2033,"NEW","B","M",0
"j00983550MKN","Black",1985,"OLD","W","M",0
"j00983550MKN","Black",2305,"OLD","B","F",0
"j00983550MKN","Black",2478,"OLD","W","F",1
"j00983550MKN","Black",3042,"OLD","B","M",1
"j00983550MKN","Black",1908,"NEW","W","F",0
"j00983550MKN","Black",2509,"NEW","B","M",0
"j00983550MKN","Black",3527,"NEW","W","F",0
"j00983550MKN","Black",2287,"NEW","W","M",0
"j00983550MKN","Black",1978,"NEW","B","F",0
"j00983550MKN","Black",1917,"OLD","W","F",1
"j00983550MKN","Black",2169,"OLD","W","M",1
"j00983550MKN","Black",1978,"OLD","B","M",1
"j00983550MKN","Black",3730,"NEW","W","F",0
"j00983550MKN","Black",2156,"NEW","W","M",0
"j00983550MKN","Black",1946,"OLD","B","F",1
"j00983550MKN","Black",2328,"OLD","B","F",1
"j00983550MKN","Black",1978,"OLD","W","F",1
"j00983550MKN","Black",1802,"NEW","B","F",0
"j00983550MKN","Black",2200,"NEW","W","M",0
"j00983550MKN","Black",2101,"NEW","B","M",0
"j00983550MKN","Black",2039,"OLD","B","F",1
"j00983550MKN","Black",2239,"OLD","B","M",0
"j00983550MKN","Black",2076,"OLD","W","F",1
"j00983550MKN","Black",2255,"OLD","W","M",1
"j00983550MKN","Black",1936,"OLD","W","F",1
"j00983550MKN","Black",1967,"NEW","B","M",0
"j00983550MKN","Black",1947,"OLD","W","F",1
"j00983550MKN","Black",2769,"OLD","B","F",0
"j00983550MKN","Black",4101,"OLD","B","M",0
"j00983550MKN","Black",2540,"OLD","B","M",0
"j00983550MKN","Black",1806,"OLD","W","M",1
"j00983550MKN","Black",2094,"OLD","W","F",1
"j00983550MKN","Black",2551,"OLD","B","F",1
"j00983550MKN","Black",2412,"OLD","B","M",1
"j00983550MKN","Black",4129,"OLD","B","M",1
"j00983550MKN","Black",1972,"OLD","B","F",1
"j00983550MKN","Black",2481,"OLD","W","F",1
"j00983550MKN","Black",2539,"NEW","W","M",0
"j00983550MKN","Black",3028,"OLD","B","M",1
"j00983550MKN","Black",3421,"OLD","B","F",1
"j00983550MKN","Black",2350,"NEW","W","F",0
"j00983550MKN","Black",2009,"NEW","W","F",0
"j00983550MKN","Black",2263,"OLD","W","M",1
"j00983550MKN","Black",1845,"OLD","W","M",1
"j00983550MKN","Black",1822,"OLD","W","M",1
"j00983550MKN","Black",2480,"OLD","W","M",1
"j00983550MKN","Black",1955,"NEW","B","F",0
"j00983550MKN","Black",2513,"OLD","B","M",0
"j00983550MKN","Black",2558,"OLD","B","M",1
"j00983550MKN","Black",2357,"OLD","W","F",1
"j00983550MKN","Black",2599,"NEW","W","F",0
"j00983550MKN","Black",1955,"NEW","B","F",0
"j00983550MKN","Black",1839,"NEW","W","F",0
"j00983550MKN","Black",1871,"NEW","B","M",0
"j00983550MKN","Black",2236,"NEW","W","M",0
"j00983550MKN","Black",1888,"NEW","W","F",0
"j00983550MKN","Black",1847,"NEW","W","M",0
"j00983550MKN","Black",1798,"NEW","B","F",0
"j00983550MKN","Black",1530,"NEW","B","M",0
"j00983550MKN","Black",1966,"NEW","B","F",0
"j00983550MKN","Black",1885,"NEW","W","M",0
"j00983550MKN","Black",3999,"NEW","B","M",0
"j00983550MKN","Black",1683,"NEW","B","M",0
"j00983550MKN","Black",1682,"NEW","B","M",0
"j00983550MKN","Black",2000,"NEW","W","F",0
"j00983550MKN","Black",1544,"NEW","W","M",0
"j00983550MKN","Black",2657,"NEW","B","F",0
"j00983550MKN","Black",1797,"NEW","B","M",0
"j00983550MKN","Black",2967,"NEW","B","F",0
"j00983550MKN","Black",3194,"NEW","W","M",0
"j00983550MKN","Black",1924,"NEW","B","F",0
"j00983550MKN","Black",1883,"NEW","B","F",0
"j00983550MKN","Black",1743,"NEW","W","M",0
"j00983550MKN","Black",2633,"OLD","W","M",0
"j00983550MKN","Black",2297,"OLD","B","F",1
"j00983550MKN","Black",2729,"OLD","W","M",1
"j00983550MKN","Black",1824,"OLD","B","F",0
"j00983550MKN","Black",1819,"OLD","W","F",1
"j00983550MKN","Black",2090,"NEW","W","F",0
"J01002593TL","Black",3284,"NEW","B","M",1
"J01002593TL","Black",9488,"OLD","B","M",0
"J01002593TL","Black",3517,"OLD","B","F",1
"J01002593TL","Black",9273,"OLD","B","M",1
"J01002593TL","Black",4359,"OLD","B","F",1
"J01002593TL","Black",6303,"NEW","W","F",0
"J01002593TL","Black",5177,"NEW","B","M",0
"J01002593TL","Black",8562,"OLD","B","M",1
"J01002593TL","Black",34586,"OLD","W","M",0
"J01002593TL","Black",54605,"NEW","B","F",1
"J01002593TL","Black",8630,"OLD","W","F",1
"J01002593TL","Black",6627,"OLD","W","F",0
"J01002593TL","Black",4764,"OLD","B","F",1
"J01002593TL","Black",1963,"NEW","B","F",0
"J01002593TL","Black",2696,"OLD","W","M",0
"J01002593TL","Black",4033,"OLD","W","M",1
"J01002593TL","Black",6878,"OLD","W","F",1
"J01002593TL","Black",2043,"OLD","B","M",1
"J01002593TL","Black",2114,"OLD","W","M",1
"J01002593TL","Black",2340,"NEW","B","M",0
"J01002593TL","Black",2027,"OLD","W","F",1
"J01002593TL","Black",1862,"OLD","B","F",0
"J01002593TL","Black",2486,"NEW","W","F",0
"J01002593TL","Black",3993,"OLD","W","F",0
"J01002593TL","Black",2901,"OLD","B","F",1
"J01002593TL","Black",4185,"NEW","W","F",0
"J01002593TL","Black",1853,"OLD","B","M",0
"J01002593TL","Black",1819,"OLD","W","F",0
"J01002593TL","Black",11032,"NEW","W","M",0
"J01002593TL","Black",10249,"NEW","W","F",0
"J01002593TL","Black",16165,"NEW","W","F",0
"J01002593TL","Black",14670,"NEW","W","F",0
"J01002593TL","Black",3096,"OLD","B","M",0
"J01002593TL","Black",2117,"NEW","W","M",0
"J01002593TL","Black",2209,"NEW","W","M",0
"J01002593TL","Black",4063,"OLD","W","F",1
"J01002593TL","Black",3048,"OLD","B","M",0
"J01002593TL","Black",7577,"NEW","B","F",0
"J01002593TL","Black",2716,"OLD","W","M",0
"J01002593TL","Black",10543,"NEW","B","M",0
"J01002593TL","Black",4406,"NEW","W","M",0
"J01002593TL","Black",3190,"OLD","B","F",0
"J01002593TL","Black",1958,"NEW","B","F",0
"J01002593TL","Black",16079,"OLD","W","M",0
"J01002593TL","Black",3448,"NEW","B","M",0
"J01002593TL","Black",1983,"NEW","B","F",0
"J01002593TL","Black",2751,"OLD","B","M",1
"J01002593TL","Black",3648,"NEW","B","M",0
"J01002593TL","Black",2158,"NEW","W","M",0
"J01002593TL","Black",3479,"OLD","W","M",1
"J01002593TL","Black",3135,"NEW","B","F",0
"J01002593TL","Black",2924,"NEW","B","F",0
"J01002593TL","Black",12538,"NEW","B","M",1
"J01002593TL","Black",8464,"NEW","B","M",1
"J01002593TL","Black",3672,"NEW","B","F",0
"J01002593TL","Black",2300,"OLD","W","M",1
"J01002593TL","Black",2515,"NEW","B","F",0
"J01002593TL","Black",1962,"NEW","W","M",0
"J01002593TL","Black",2848,"OLD","B","F",0
"J01002593TL","Black",3766,"NEW","W","M",0
"J01002593TL","Black",2580,"OLD","B","M",1
"J01002593TL","Black",10575,"NEW","B","M",0
"J01002593TL","Black",24507,"NEW","W","F",0
"J01002593TL","Black",5560,"OLD","B","F",1
"J01002593TL","Black",3249,"NEW","W","M",0
"J01002593TL","Black",4220,"NEW","W","F",0
"J01002593TL","Black",3101,"OLD","B","F",1
"J01002593TL","Black",2571,"NEW","B","F",0
"J01002593TL","Black",78646,"OLD","W","M",0
"J01002593TL","Black",4624,"OLD","W","F",1
"J01002593TL","Black",5240,"NEW","W","F",0
"J01002593TL","Black",3123,"OLD","B","F",0
"J01002593TL","Black",1645,"OLD","W","F",0
"J01002593TL","Black",4884,"NEW","W","M",0
"J01002593TL","Black",4639,"NEW","B","M",0
"J01002593TL","Black",3452,"OLD","B","M",0
"J01002593TL","Black",1881,"OLD","W","M",0
"J01002593TL","Black",5628,"OLD","W","F",1
"J01002593TL","Black",2491,"NEW","W","F",0
"J01002593TL","Black",3795,"NEW","W","M",0
"J01024433CAA","Black",2347,"NEW","B","F",0
"J01024433CAA","Black",2345,"OLD","W","M",0
"J01024433CAA","Black",2531,"OLD","B","M",0
"J01024433CAA","Black",2057,"NEW","B","M",0
"J01024433CAA","Black",2179,"NEW","B","M",0
"J01024433CAA","Black",2330,"OLD","B","F",1
"J01024433CAA","Black",2165,"NEW","B","M",0
"J01024433CAA","Black",6254,"OLD","B","F",1
"J01024433CAA","Black",2324,"OLD","W","F",1
"J01024433CAA","Black",3513,"OLD","B","F",1
"J01024433CAA","Black",2215,"OLD","B","F",1
"J01024433CAA","Black",2251,"OLD","W","M",0
"J01024433CAA","Black",2766,"OLD","B","M",1
"J01024433CAA","Black",3146,"NEW","W","M",1
"J01024433CAA","Black",6052,"OLD","W","M",1
"J01024433CAA","Black",2462,"OLD","W","F",1
"J01024433CAA","Black",2290,"OLD","B","F",1
"J01024433CAA","Black",2119,"OLD","W","F",1
"J01024433CAA","Black",2220,"NEW","B","F",0
"J01024433CAA","Black",2352,"OLD","W","M",1
"J01024433CAA","Black",2338,"OLD","W","F",0
"J01024433CAA","Black",2507,"OLD","W","M",0
"J01024433CAA","Black",2343,"OLD","B","M",1
"J01024433CAA","Black",2061,"OLD","W","F",1
"J01024433CAA","Black",4530,"NEW","W","F",0
"J01024433CAA","Black",2300,"OLD","B","M",0
"J01024433CAA","Black",2461,"NEW","W","F",0
"J01024433CAA","Black",2187,"NEW","W","F",0
"J01024433CAA","Black",1951,"OLD","W","M",0
"J01024433CAA","Black",2131,"OLD","B","F",0
"J01024433CAA","Black",3025,"OLD","W","F",1
"J01024433CAA","Black",2200,"OLD","B","M",1
"J01024433CAA","Black",2758,"OLD","B","M",1
"J01024433CAA","Black",2102,"OLD","B","F",0
"J01024433CAA","Black",2982,"NEW","B","F",0
"J01024433CAA","Black",1976,"OLD","B","F",0
"J01024433CAA","Black",2133,"NEW","B","F",0
"J01024433CAA","Black",2359,"NEW","B","M",0
"J01024433CAA","Black",2321,"NEW","W","F",0
"J01024433CAA","Black",2107,"OLD","W","M",1
"J01024433CAA","Black",2183,"OLD","W","M",0
"J01024433CAA","Black",1564,"OLD","W","F",0
"J01024433CAA","Black",1962,"OLD","W","F",0
"J01024433CAA","Black",1694,"OLD","B","M",0
"J01024433CAA","Black",2998,"OLD","W","M",0
"J01024433CAA","Black",2055,"OLD","B","M",0
"J01024433CAA","Black",2415,"NEW","W","M",0
"J01024433CAA","Black",2170,"NEW","W","M",0
"J01024433CAA","Black",2077,"NEW","B","F",0
"J01024433CAA","Black",2582,"NEW","W","M",0
"J01024433CAA","Black",5392,"NEW","W","M",0
"J01024433CAA","Black",128359,"NEW","B","M",0
"J01024433CAA","Black",2060,"NEW","B","M",0
"J01024433CAA","Black",1775,"OLD","W","F",1
"J01024433CAA","Black",2256,"NEW","W","M",0
"J01024433CAA","Black",3240,"NEW","W","M",0
"J01024433CAA","Black",2249,"NEW","B","M",0
"J01024433CAA","Black",2187,"NEW","B","M",0
"J01024433CAA","Black",1588,"NEW","W","M",0
"J01024433CAA","Black",12472,"NEW","B","F",0
"J01024433CAA","Black",2760,"NEW","W","F",0
"J01024433CAA","Black",2262,"NEW","W","M",0
"J01024433CAA","Black",4289,"NEW","B","M",0
"J01024433CAA","Black",2098,"NEW","W","F",0
"J01024433CAA","Black",24407,"NEW","W","F",0
"J01024433CAA","Black",1887,"NEW","B","M",0
"J01024433CAA","Black",1953,"NEW","W","M",0
"J01024433CAA","Black",2127,"NEW","B","F",0
"J01024433CAA","Black",3269,"NEW","W","F",0
"J01024433CAA","Black",2051,"NEW","W","F",0
"J01024433CAA","Black",1627,"NEW","B","F",0
"J01024433CAA","Black",1194491,"OLD","B","F",0
"J01024433CAA","Black",2456,"NEW","B","F",0
"J01024433CAA","Black",1614,"OLD","W","F",0
"J01024433CAA","Black",1870,"OLD","B","M",0
"J01024433CAA","Black",2193,"OLD","B","F",0
"J01024433CAA","Black",2203,"NEW","W","F",0
"J01024433CAA","Black",2316,"OLD","B","M",0
"J01024433CAA","Black",1937,"NEW","B","F",0
"J01024433CAA","Black",1972,"OLD","W","M",0
"KBooker","Black",2214,"OLD","W","F",1
"KBooker","Black",2334,"OLD","W","F",1
"KBooker","Black",4550,"OLD","B","M",1
"KBooker","Black",4684,"OLD","W","M",1
"KBooker","Black",2790,"OLD","W","F",0
"KBooker","Black",2372,"NEW","B","M",1
"KBooker","Black",2615,"NEW","W","F",1
"KBooker","Black",7594,"OLD","B","F",1
"KBooker","Black",2431,"NEW","B","F",0
"KBooker","Black",2317,"OLD","B","M",1
"KBooker","Black",2484,"NEW","W","M",0
"KBooker","Black",2392,"OLD","B","F",1
"KBooker","Black",2839,"NEW","B","M",0
"KBooker","Black",2885,"NEW","W","M",0
"KBooker","Black",3142,"OLD","B","F",1
"KBooker","Black",2360,"NEW","W","F",0
"KBooker","Black",3555,"OLD","W","M",0
"KBooker","Black",2496,"OLD","B","F",1
"KBooker","Black",2311,"OLD","W","F",1
"KBooker","Black",2197,"OLD","B","F",1
"KBooker","Black",4536,"NEW","B","F",0
"KBooker","Black",3485,"NEW","W","F",0
"KBooker","Black",3086,"NEW","W","F",1
"KBooker","Black",2798,"NEW","B","M",0
"KBooker","Black",2293,"OLD","W","F",1
"KBooker","Black",2550,"OLD","W","F",0
"KBooker","Black",2131,"NEW","B","F",0
"KBooker","Black",3019,"OLD","W","M",1
"KBooker","Black",2550,"OLD","B","M",1
"KBooker","Black",2190,"NEW","W","M",0
"KBooker","Black",2760,"NEW","W","F",0
"KBooker","Black",2290,"OLD","B","F",1
"KBooker","Black",6713,"NEW","W","F",1
"KBooker","Black",2638,"NEW","W","M",0
"KBooker","Black",2801,"NEW","W","F",0
"KBooker","Black",2242,"OLD","B","M",1
"KBooker","Black",3074,"OLD","W","M",1
"KBooker","Black",2107,"OLD","B","M",1
"KBooker","Black",2108,"OLD","W","M",0
"KBooker","Black",2862,"OLD","B","M",0
"KBooker","Black",3184,"OLD","B","M",1
"KBooker","Black",2611,"NEW","B","F",0
"KBooker","Black",3061,"NEW","B","M",1
"KBooker","Black",2737,"NEW","B","F",1
"KBooker","Black",3361,"NEW","B","M",0
"KBooker","Black",2301,"NEW","W","M",0
"KBooker","Black",2208,"NEW","W","F",0
"KBooker","Black",2264,"OLD","B","F",1
"KBooker","Black",2130,"OLD","W","M",0
"KBooker","Black",2249,"OLD","B","F",1
"KBooker","Black",2263,"OLD","B","F",1
"KBooker","Black",2594,"NEW","B","F",0
"KBooker","Black",2546,"NEW","B","F",0
"KBooker","Black",2207,"NEW","B","M",0
"KBooker","Black",8025,"NEW","B","M",0
"KBooker","Black",2953,"NEW","W","F",0
"KBooker","Black",3585,"NEW","B","F",0
"KBooker","Black",2569,"OLD","B","M",0
"KBooker","Black",2192,"OLD","W","F",1
"KBooker","Black",2471,"OLD","W","F",0
"KBooker","Black",2464,"OLD","W","F",0
"KBooker","Black",2276,"NEW","B","F",0
"KBooker","Black",2209,"OLD","W","M",0
"KBooker","Black",3287,"NEW","W","M",0
"KBooker","Black",3192,"NEW","B","M",0
"KBooker","Black",2319,"OLD","W","M",1
"KBooker","Black",2563,"OLD","W","M",1
"KBooker","Black",2174,"OLD","B","F",1
"KBooker","Black",2080,"NEW","B","M",0
"KBooker","Black",2210,"OLD","W","F",1
"KBooker","Black",2118,"OLD","B","M",1
"KBooker","Black",2210,"NEW","W","M",0
"KBooker","Black",2435,"NEW","W","M",0
"KBooker","Black",2239,"OLD","B","M",1
"KBooker","Black",2410,"NEW","B","M",0
"KBooker","Black",2781,"NEW","W","F",0
"KBooker","Black",2326,"NEW","W","M",0
"KBooker","Black",2140,"OLD","W","M",1
"KBooker","Black",2167,"NEW","W","M",0
"KBooker","Black",2166,"NEW","B","F",0
