Username,participant ethnicity,Procedure.Procedure.Notes,Procedure.Shuffle,response
ZYigZilYZnWZs,Black,Manip_check,ATB,1
ZYigZilYZnWZs,Black,Neg,ATB,1
ZYigZilYZnWZs,Black,,ContactQ,84
ZYigZilYZnWZs,Black,Pos,ATB,1
ZYigZilYZnWZs,Black,Pos,ATB,1
ZYigZilYZnWZs,Black,Manip_check,ATB,5
ZYigZilYZnWZs,Black,Pos,ATB,1
ZYigZilYZnWZs,Black,Neg,ATW,1
ZYigZilYZnWZs,Black,Neg,ATW,1
ZYigZilYZnWZs,Black,Neg,ATW,5
ZYigZilYZnWZs,Black,Pos,ATW,3
ZYigZilYZnWZs,Black,Manip_check,EM_IM,1
ZYigZilYZnWZs,Black,Interal,EM_IM,5
ZYigZilYZnWZs,Black,Interal,EM_IM,5
ZYigZilYZnWZs,Black,Interal,EM_IM,5
ZYigZilYZnWZs,Black,Interal,EM_IM,5
ZYigZilYZnWZs,Black,External,EM_IM,5
ZYigZilYZnWZs,Black,Pos,ATW,5
ZYigZilYZnWZs,Black,External,EM_IM,1
ZYigZilYZnWZs,Black,Manip_check,EM_IM,5
ZYigZilYZnWZs,Black,Manip_check,ATW,1
ZYigZilYZnWZs,Black,Neg,ATB,5
ZYigZilYZnWZs,Black,External,EM_IM,1
ZYigZilYZnWZs,Black,Pos,ATW,5
ZYigZilYZnWZs,Black,Neg,ATB,5
ZYigZilYZnWZs,Black,Neg,ATB,5
ZYigZilYZnWZs,Black,External,EM_IM,1
ZYigZilYZnWZs,Black,Neg,ATB,5
ZYigZilYZnWZs,Black,Neg,ATW,1
ZYigZilYZnWZs,Black,Pos,ATB,1
ZYigZilYZnWZs,Black,Pos,ATW,5
ZYigZilYZnWZs,Black,Neg,ATB,5
ZYigZilYZnWZs,Black,Pos,ATW,1
ZYigZilYZnWZs,Black,Pos,ATW,5
ZYigZilYZnWZs,Black,Manip_check,ATW,5
ZYigZilYZnWZs,Black,Interal,EM_IM,5
ZYigZilYZnWZs,Black,External,EM_IM,1
ZWZugoXhukwukZ,Black,Neg,ATW,5
ZWZugoXhukwukZ,Black,Manip_check,ATW,5
ZWZugoXhukwukZ,Black,Pos,ATW,4
ZWZugoXhukwukZ,Black,Neg,ATB,1
ZWZugoXhukwukZ,Black,Neg,ATW,2
ZWZugoXhukwukZ,Black,External,EM_IM,4
ZWZugoXhukwukZ,Black,Pos,ATW,5
ZWZugoXhukwukZ,Black,Manip_check,ATW,1
ZWZugoXhukwukZ,Black,External,EM_IM,1
ZWZugoXhukwukZ,Black,Manip_check,ATB,1
ZWZugoXhukwukZ,Black,Interal,EM_IM,3
ZWZugoXhukwukZ,Black,Manip_check,EM_IM,1
ZWZugoXhukwukZ,Black,Pos,ATW,4
ZWZugoXhukwukZ,Black,Pos,ATB,1
ZWZugoXhukwukZ,Black,Neg,ATB,5
ZWZugoXhukwukZ,Black,Neg,ATB,4
ZWZugoXhukwukZ,Black,Pos,ATB,1
ZWZugoXhukwukZ,Black,Pos,ATW,3
ZWZugoXhukwukZ,Black,Pos,ATW,3
ZWZugoXhukwukZ,Black,Neg,ATW,1
ZWZugoXhukwukZ,Black,Pos,ATB,4
ZWZugoXhukwukZ,Black,Pos,ATW,1
ZWZugoXhukwukZ,Black,Interal,EM_IM,3
ZWZugoXhukwukZ,Black,Interal,EM_IM,5
ZWZugoXhukwukZ,Black,Neg,ATW,3
ZWZugoXhukwukZ,Black,,ContactQ,35-45
ZWZugoXhukwukZ,Black,External,EM_IM,1
ZWZugoXhukwukZ,Black,Interal,EM_IM,5
ZWZugoXhukwukZ,Black,External,EM_IM,3
ZWZugoXhukwukZ,Black,External,EM_IM,2
ZWZugoXhukwukZ,Black,Interal,EM_IM,1
ZWZugoXhukwukZ,Black,Pos,ATB,1
ZWZugoXhukwukZ,Black,Manip_check,EM_IM,5
ZWZugoXhukwukZ,Black,Neg,ATB,3
ZWZugoXhukwukZ,Black,Neg,ATB,4
ZWZugoXhukwukZ,Black,Neg,ATB,5
ZWZugoXhukwukZ,Black,Manip_check,ATB,5
ZnnVttVGZrXiZ,Other/unknown,Neg,ATB,5
ZnnVttVGZrXiZ,Other/unknown,Neg,ATB,5
ZnnVttVGZrXiZ,Other/unknown,Neg,ATB,5
ZnnVttVGZrXiZ,Other/unknown,Manip_check,ATB,1
ZnnVttVGZrXiZ,Other/unknown,Neg,ATB,2
ZnnVttVGZrXiZ,Other/unknown,Manip_check,EM_IM,5
ZnnVttVGZrXiZ,Other/unknown,,ContactQ,Like around 10 hours
ZnnVttVGZrXiZ,Other/unknown,Neg,ATW,1
ZnnVttVGZrXiZ,Other/unknown,Pos,ATB,1
ZnnVttVGZrXiZ,Other/unknown,Pos,ATW,4
ZnnVttVGZrXiZ,Other/unknown,Neg,ATW,1
ZnnVttVGZrXiZ,Other/unknown,Pos,ATW,5
ZnnVttVGZrXiZ,Other/unknown,Neg,ATW,1
ZnnVttVGZrXiZ,Other/unknown,Manip_check,ATW,1
ZnnVttVGZrXiZ,Other/unknown,Pos,ATW,1
ZnnVttVGZrXiZ,Other/unknown,Pos,ATW,5
ZnnVttVGZrXiZ,Other/unknown,Pos,ATB,1
ZnnVttVGZrXiZ,Other/unknown,Manip_check,EM_IM,1
ZnnVttVGZrXiZ,Other/unknown,Interal,EM_IM,3
ZnnVttVGZrXiZ,Other/unknown,External,EM_IM,3
ZnnVttVGZrXiZ,Other/unknown,External,EM_IM,2
ZnnVttVGZrXiZ,Other/unknown,External,EM_IM,3
ZnnVttVGZrXiZ,Other/unknown,Interal,EM_IM,5
ZnnVttVGZrXiZ,Other/unknown,External,EM_IM,3
ZnnVttVGZrXiZ,Other/unknown,Neg,ATB,5
ZnnVttVGZrXiZ,Other/unknown,Neg,ATW,4
ZnnVttVGZrXiZ,Other/unknown,Pos,ATB,1
ZnnVttVGZrXiZ,Other/unknown,Pos,ATW,5
ZnnVttVGZrXiZ,Other/unknown,Neg,ATB,5
ZnnVttVGZrXiZ,Other/unknown,Interal,EM_IM,4
ZnnVttVGZrXiZ,Other/unknown,Pos,ATB,1
ZnnVttVGZrXiZ,Other/unknown,Manip_check,ATW,5
ZnnVttVGZrXiZ,Other/unknown,Pos,ATW,5
ZnnVttVGZrXiZ,Other/unknown,External,EM_IM,3
ZnnVttVGZrXiZ,Other/unknown,Interal,EM_IM,5
ZnnVttVGZrXiZ,Other/unknown,Interal,EM_IM,4
ZnnVttVGZrXiZ,Other/unknown,Manip_check,ATB,5
ZnnikZMVWVllin,Other/unknown,Neg,ATB,4
ZnnikZMVWVllin,Other/unknown,Pos,ATW,4
ZnnikZMVWVllin,Other/unknown,External,EM_IM,3
ZnnikZMVWVllin,Other/unknown,Interal,EM_IM,4
ZnnikZMVWVllin,Other/unknown,Interal,EM_IM,4
ZnnikZMVWVllin,Other/unknown,Manip_check,EM_IM,5
ZnnikZMVWVllin,Other/unknown,Manip_check,ATW,5
ZnnikZMVWVllin,Other/unknown,Neg,ATB,4
ZnnikZMVWVllin,Other/unknown,Pos,ATB,2
ZnnikZMVWVllin,Other/unknown,Neg,ATW,2
ZnnikZMVWVllin,Other/unknown,Pos,ATW,4
ZnnikZMVWVllin,Other/unknown,Pos,ATW,3
ZnnikZMVWVllin,Other/unknown,External,EM_IM,4
ZnnikZMVWVllin,Other/unknown,Pos,ATW,3
ZnnikZMVWVllin,Other/unknown,Neg,ATW,4
ZnnikZMVWVllin,Other/unknown,Neg,ATW,2
ZnnikZMVWVllin,Other/unknown,External,EM_IM,4
ZnnikZMVWVllin,Other/unknown,Interal,EM_IM,4
ZnnikZMVWVllin,Other/unknown,External,EM_IM,4
ZnnikZMVWVllin,Other/unknown,Neg,ATB,4
ZnnikZMVWVllin,Other/unknown,Pos,ATW,4
ZnnikZMVWVllin,Other/unknown,Neg,ATB,4
ZnnikZMVWVllin,Other/unknown,Interal,EM_IM,4
ZnnikZMVWVllin,Other/unknown,Pos,ATB,2
ZnnikZMVWVllin,Other/unknown,,ContactQ,15
ZnnikZMVWVllin,Other/unknown,Pos,ATB,2
ZnnikZMVWVllin,Other/unknown,Pos,ATB,2
ZnnikZMVWVllin,Other/unknown,Pos,ATW,4
ZnnikZMVWVllin,Other/unknown,Manip_check,ATW,1
ZnnikZMVWVllin,Other/unknown,Manip_check,ATB,5
ZnnikZMVWVllin,Other/unknown,Manip_check,ATB,1
ZnnikZMVWVllin,Other/unknown,Neg,ATW,3
ZnnikZMVWVllin,Other/unknown,Manip_check,EM_IM,1
ZnnikZMVWVllin,Other/unknown,Neg,ATB,4
ZnnikZMVWVllin,Other/unknown,Neg,ATB,3
ZnnikZMVWVllin,Other/unknown,Interal,EM_IM,4
ZnnikZMVWVllin,Other/unknown,External,EM_IM,4
ZshlVy,White,Neg,ATW,1
ZshlVy,White,Neg,ATB,5
ZshlVy,White,Pos,ATW,5
ZshlVy,White,Pos,ATB,1
ZshlVy,White,Interal,EM_IM,3
ZshlVy,White,Pos,ATB,4
ZshlVy,White,Neg,ATW,1
ZshlVy,White,External,EM_IM,1
ZshlVy,White,Neg,ATB,3
ZshlVy,White,External,EM_IM,1
ZshlVy,White,,ContactQ,2-Jan
ZshlVy,White,Pos,ATW,4
ZshlVy,White,Neg,ATB,5
ZshlVy,White,Manip_check,ATW,5
ZshlVy,White,Pos,ATW,3
ZshlVy,White,Interal,EM_IM,5
ZshlVy,White,Pos,ATB,3
ZshlVy,White,Neg,ATB,5
ZshlVy,White,Manip_check,ATB,5
ZshlVy,White,Manip_check,ATW,1
ZshlVy,White,Pos,ATW,3
ZshlVy,White,Pos,ATW,5
ZshlVy,White,External,EM_IM,3
ZshlVy,White,Manip_check,EM_IM,5
ZshlVy,White,Manip_check,EM_IM,1
ZshlVy,White,Pos,ATW,5
ZshlVy,White,Neg,ATB,3
ZshlVy,White,Neg,ATW,2
ZshlVy,White,Interal,EM_IM,3
ZshlVy,White,Pos,ATB,3
ZshlVy,White,Neg,ATB,3
ZshlVy,White,External,EM_IM,1
ZshlVy,White,Neg,ATW,3
ZshlVy,White,Manip_check,ATB,1
ZshlVy,White,External,EM_IM,1
ZshlVy,White,Interal,EM_IM,1
ZshlVy,White,Interal,EM_IM,3
ZsiZTZylor,Black,Manip_check,ATW,1
ZsiZTZylor,Black,Interal,EM_IM,5
ZsiZTZylor,Black,Pos,ATW,4
ZsiZTZylor,Black,Neg,ATB,3
ZsiZTZylor,Black,Manip_check,EM_IM,1
ZsiZTZylor,Black,Neg,ATB,5
ZsiZTZylor,Black,Pos,ATW,2
ZsiZTZylor,Black,Manip_check,EM_IM,5
ZsiZTZylor,Black,Interal,EM_IM,5
ZsiZTZylor,Black,Pos,ATW,2
ZsiZTZylor,Black,Pos,ATB,1
ZsiZTZylor,Black,Pos,ATB,1
ZsiZTZylor,Black,External,EM_IM,4
ZsiZTZylor,Black,External,EM_IM,1
ZsiZTZylor,Black,Neg,ATB,4
ZsiZTZylor,Black,Manip_check,ATB,1
ZsiZTZylor,Black,Pos,ATB,1
ZsiZTZylor,Black,Pos,ATW,4
ZsiZTZylor,Black,Pos,ATW,4
ZsiZTZylor,Black,Interal,EM_IM,5
ZsiZTZylor,Black,External,EM_IM,1
ZsiZTZylor,Black,Pos,ATW,5
ZsiZTZylor,Black,,ContactQ,49
ZsiZTZylor,Black,Neg,ATB,5
ZsiZTZylor,Black,Manip_check,ATW,5
ZsiZTZylor,Black,Neg,ATW,1
ZsiZTZylor,Black,Interal,EM_IM,5
ZsiZTZylor,Black,Interal,EM_IM,5
ZsiZTZylor,Black,Neg,ATB,5
ZsiZTZylor,Black,Neg,ATB,4
ZsiZTZylor,Black,Pos,ATB,1
ZsiZTZylor,Black,Manip_check,ATB,5
ZsiZTZylor,Black,Neg,ATW,4
ZsiZTZylor,Black,External,EM_IM,1
ZsiZTZylor,Black,External,EM_IM,2
ZsiZTZylor,Black,Neg,ATW,1
ZsiZTZylor,Black,Neg,ATW,5
YrZnWonYost,White,External,EM_IM,3
YrZnWonYost,White,Manip_check,ATB,1
YrZnWonYost,White,Neg,ATB,2
YrZnWonYost,White,Pos,ATW,4
YrZnWonYost,White,Neg,ATW,2
YrZnWonYost,White,Pos,ATW,2
YrZnWonYost,White,Interal,EM_IM,5
YrZnWonYost,White,Manip_check,ATW,1
YrZnWonYost,White,Pos,ATW,3
YrZnWonYost,White,Pos,ATW,5
YrZnWonYost,White,Neg,ATW,2
YrZnWonYost,White,Neg,ATW,2
YrZnWonYost,White,Neg,ATB,4
YrZnWonYost,White,Pos,ATW,2
YrZnWonYost,White,Pos,ATB,2
YrZnWonYost,White,Neg,ATB,4
YrZnWonYost,White,Pos,ATB,1
YrZnWonYost,White,Neg,ATB,4
YrZnWonYost,White,Interal,EM_IM,5
YrZnWonYost,White,Manip_check,ATW,5
YrZnWonYost,White,Neg,ATB,3
YrZnWonYost,White,Neg,ATB,5
YrZnWonYost,White,Manip_check,EM_IM,1
YrZnWonYost,White,Interal,EM_IM,5
YrZnWonYost,White,Pos,ATB,1
YrZnWonYost,White,Manip_check,EM_IM,5
YrZnWonYost,White,External,EM_IM,2
YrZnWonYost,White,External,EM_IM,2
YrZnWonYost,White,Interal,EM_IM,5
YrZnWonYost,White,,ContactQ,"I do not know how often I do, but due to my employment and place of education, I do spend a lot of my time in public interacting with people that aren't white."
YrZnWonYost,White,Neg,ATW,1
YrZnWonYost,White,Pos,ATB,2
YrZnWonYost,White,Manip_check,ATB,5
YrZnWonYost,White,External,EM_IM,4
YrZnWonYost,White,Pos,ATW,4
YrZnWonYost,White,Interal,EM_IM,3
YrZnWonYost,White,External,EM_IM,2
XZlVYLZnV,White,Interal,EM_IM,4
XZlVYLZnV,White,Neg,ATB,5
XZlVYLZnV,White,Manip_check,EM_IM,5
XZlVYLZnV,White,,ContactQ,8
XZlVYLZnV,White,Neg,ATW,1
XZlVYLZnV,White,Pos,ATW,5
XZlVYLZnV,White,External,EM_IM,3
XZlVYLZnV,White,Interal,EM_IM,3
XZlVYLZnV,White,External,EM_IM,1
XZlVYLZnV,White,Interal,EM_IM,3
XZlVYLZnV,White,Neg,ATB,2
XZlVYLZnV,White,Neg,ATW,1
XZlVYLZnV,White,Pos,ATB,1
XZlVYLZnV,White,Neg,ATB,5
XZlVYLZnV,White,Manip_check,ATW,1
XZlVYLZnV,White,Neg,ATB,1
XZlVYLZnV,White,Neg,ATB,5
XZlVYLZnV,White,Pos,ATB,1
XZlVYLZnV,White,Neg,ATW,1
XZlVYLZnV,White,Interal,EM_IM,4
XZlVYLZnV,White,Pos,ATW,5
XZlVYLZnV,White,Pos,ATW,5
XZlVYLZnV,White,Neg,ATB,4
XZlVYLZnV,White,Pos,ATB,1
XZlVYLZnV,White,Interal,EM_IM,5
XZlVYLZnV,White,Manip_check,ATW,5
XZlVYLZnV,White,Manip_check,EM_IM,1
XZlVYLZnV,White,External,EM_IM,5
XZlVYLZnV,White,External,EM_IM,2
XZlVYLZnV,White,Pos,ATW,1
XZlVYLZnV,White,Neg,ATW,1
XZlVYLZnV,White,External,EM_IM,2
XZlVYLZnV,White,Pos,ATW,1
XZlVYLZnV,White,Pos,ATB,1
XZlVYLZnV,White,Manip_check,ATB,5
XZlVYLZnV,White,Manip_check,ATB,1
XZlVYLZnV,White,Pos,ATW,4
XZrmVnWilson,Black,Interal,EM_IM,1
XZrmVnWilson,Black,,ContactQ,24
XZrmVnWilson,Black,External,EM_IM,1
XZrmVnWilson,Black,Manip_check,ATB,1
XZrmVnWilson,Black,Pos,ATB,3
XZrmVnWilson,Black,Neg,ATB,3
XZrmVnWilson,Black,Interal,EM_IM,2
XZrmVnWilson,Black,Pos,ATB,2
XZrmVnWilson,Black,Pos,ATW,4
XZrmVnWilson,Black,Pos,ATB,3
XZrmVnWilson,Black,Neg,ATB,3
XZrmVnWilson,Black,Pos,ATW,5
XZrmVnWilson,Black,External,EM_IM,1
XZrmVnWilson,Black,Neg,ATB,4
XZrmVnWilson,Black,Neg,ATW,1
XZrmVnWilson,Black,Neg,ATB,2
XZrmVnWilson,Black,Manip_check,EM_IM,1
XZrmVnWilson,Black,Interal,EM_IM,1
XZrmVnWilson,Black,External,EM_IM,2
XZrmVnWilson,Black,Interal,EM_IM,1
XZrmVnWilson,Black,Pos,ATW,5
XZrmVnWilson,Black,Neg,ATB,5
XZrmVnWilson,Black,Neg,ATW,2
XZrmVnWilson,Black,Manip_check,ATW,1
XZrmVnWilson,Black,Neg,ATB,3
XZrmVnWilson,Black,Neg,ATW,1
XZrmVnWilson,Black,Pos,ATW,5
XZrmVnWilson,Black,Manip_check,ATB,5
XZrmVnWilson,Black,Pos,ATB,1
XZrmVnWilson,Black,Manip_check,EM_IM,5
XZrmVnWilson,Black,External,EM_IM,2
XZrmVnWilson,Black,Pos,ATW,4
XZrmVnWilson,Black,Pos,ATW,1
XZrmVnWilson,Black,Manip_check,ATW,5
XZrmVnWilson,Black,Interal,EM_IM,3
XZrmVnWilson,Black,Neg,ATW,1
XZrmVnWilson,Black,External,EM_IM,1
XlZirVHollingsworth,White,Pos,ATW,2
XlZirVHollingsworth,White,Neg,ATW,2
XlZirVHollingsworth,White,Pos,ATW,2
XlZirVHollingsworth,White,Pos,ATW,5
XlZirVHollingsworth,White,Pos,ATW,5
XlZirVHollingsworth,White,External,EM_IM,3
XlZirVHollingsworth,White,Interal,EM_IM,5
XlZirVHollingsworth,White,Interal,EM_IM,5
XlZirVHollingsworth,White,External,EM_IM,3
XlZirVHollingsworth,White,Manip_check,EM_IM,5
XlZirVHollingsworth,White,,ContactQ,"15-20 at work, 10-15 outside of work"
XlZirVHollingsworth,White,Neg,ATB,2
XlZirVHollingsworth,White,Neg,ATB,5
XlZirVHollingsworth,White,Pos,ATB,2
XlZirVHollingsworth,White,Neg,ATW,2
XlZirVHollingsworth,White,Pos,ATW,5
XlZirVHollingsworth,White,Neg,ATW,1
XlZirVHollingsworth,White,Pos,ATW,5
XlZirVHollingsworth,White,Manip_check,ATW,5
XlZirVHollingsworth,White,Neg,ATW,1
XlZirVHollingsworth,White,Pos,ATB,3
XlZirVHollingsworth,White,Pos,ATB,2
XlZirVHollingsworth,White,Neg,ATB,4
XlZirVHollingsworth,White,Neg,ATB,5
XlZirVHollingsworth,White,Neg,ATB,4
XlZirVHollingsworth,White,Pos,ATB,2
XlZirVHollingsworth,White,Neg,ATB,5
XlZirVHollingsworth,White,Manip_check,ATW,1
XlZirVHollingsworth,White,Manip_check,ATB,5
XlZirVHollingsworth,White,Interal,EM_IM,5
XlZirVHollingsworth,White,External,EM_IM,2
XlZirVHollingsworth,White,Manip_check,ATB,1
XlZirVHollingsworth,White,Interal,EM_IM,5
XlZirVHollingsworth,White,External,EM_IM,5
XlZirVHollingsworth,White,External,EM_IM,4
XlZirVHollingsworth,White,Manip_check,EM_IM,1
XlZirVHollingsworth,White,Interal,EM_IM,5
WZnVllyQ,White,Interal,EM_IM,5
WZnVllyQ,White,Pos,ATB,3
WZnVllyQ,White,,ContactQ,6
WZnVllyQ,White,Pos,ATW,4
WZnVllyQ,White,Manip_check,EM_IM,5
WZnVllyQ,White,Pos,ATB,3
WZnVllyQ,White,Pos,ATW,5
WZnVllyQ,White,Pos,ATW,3
WZnVllyQ,White,Neg,ATW,5
WZnVllyQ,White,Neg,ATW,3
WZnVllyQ,White,Manip_check,ATW,1
WZnVllyQ,White,Pos,ATW,1
WZnVllyQ,White,Neg,ATW,3
WZnVllyQ,White,Neg,ATW,1
WZnVllyQ,White,Neg,ATB,5
WZnVllyQ,White,Manip_check,ATW,5
WZnVllyQ,White,Neg,ATB,5
WZnVllyQ,White,Neg,ATB,3
WZnVllyQ,White,Manip_check,ATB,5
WZnVllyQ,White,Neg,ATB,3
WZnVllyQ,White,Neg,ATB,5
WZnVllyQ,White,Pos,ATB,1
WZnVllyQ,White,Manip_check,ATB,1
WZnVllyQ,White,Neg,ATB,5
WZnVllyQ,White,Interal,EM_IM,3
WZnVllyQ,White,External,EM_IM,2
WZnVllyQ,White,Manip_check,EM_IM,1
WZnVllyQ,White,External,EM_IM,3
WZnVllyQ,White,Pos,ATB,1
WZnVllyQ,White,External,EM_IM,3
WZnVllyQ,White,External,EM_IM,3
WZnVllyQ,White,Interal,EM_IM,3
WZnVllyQ,White,Interal,EM_IM,3
WZnVllyQ,White,Pos,ATW,5
WZnVllyQ,White,Pos,ATW,5
WZnVllyQ,White,External,EM_IM,
WZnVllyQ,White,Interal,EM_IM,3
GZYriVllZWZtkins,Black,Neg,ATW,3
GZYriVllZWZtkins,Black,Neg,ATW,3
GZYriVllZWZtkins,Black,Interal,EM_IM,5
GZYriVllZWZtkins,Black,Pos,ATW,5
GZYriVllZWZtkins,Black,External,EM_IM,1
GZYriVllZWZtkins,Black,External,EM_IM,1
GZYriVllZWZtkins,Black,External,EM_IM,1
GZYriVllZWZtkins,Black,Interal,EM_IM,5
GZYriVllZWZtkins,Black,Manip_check,EM_IM,1
GZYriVllZWZtkins,Black,Manip_check,EM_IM,5
GZYriVllZWZtkins,Black,Manip_check,ATW,1
GZYriVllZWZtkins,Black,External,EM_IM,1
GZYriVllZWZtkins,Black,Manip_check,ATB,1
GZYriVllZWZtkins,Black,External,EM_IM,1
GZYriVllZWZtkins,Black,Pos,ATB,1
GZYriVllZWZtkins,Black,Pos,ATW,5
GZYriVllZWZtkins,Black,Pos,ATW,4
GZYriVllZWZtkins,Black,Pos,ATB,2
GZYriVllZWZtkins,Black,Interal,EM_IM,5
GZYriVllZWZtkins,Black,Pos,ATW,1
GZYriVllZWZtkins,Black,Interal,EM_IM,5
GZYriVllZWZtkins,Black,Manip_check,ATB,5
GZYriVllZWZtkins,Black,Neg,ATB,1
GZYriVllZWZtkins,Black,Pos,ATB,1
GZYriVllZWZtkins,Black,Neg,ATB,5
GZYriVllZWZtkins,Black,Pos,ATW,4
GZYriVllZWZtkins,Black,Neg,ATB,5
GZYriVllZWZtkins,Black,Neg,ATB,5
GZYriVllZWZtkins,Black,Neg,ATB,5
GZYriVllZWZtkins,Black,Interal,EM_IM,5
GZYriVllZWZtkins,Black,Neg,ATW,1
GZYriVllZWZtkins,Black,Pos,ATW,5
GZYriVllZWZtkins,Black,Neg,ATW,1
GZYriVllZWZtkins,Black,Neg,ATB,5
GZYriVllZWZtkins,Black,Manip_check,ATW,5
GZYriVllZWZtkins,Black,Pos,ATB,1
GZYriVllVXhZrlton,Asian/Pacific Islander,Neg,ATW,4
GZYriVllVXhZrlton,Asian/Pacific Islander,Pos,ATB,4
GZYriVllVXhZrlton,Asian/Pacific Islander,Pos,ATB,2
GZYriVllVXhZrlton,Asian/Pacific Islander,Pos,ATW,4
GZYriVllVXhZrlton,Asian/Pacific Islander,Manip_check,ATW,1
GZYriVllVXhZrlton,Asian/Pacific Islander,External,EM_IM,4
GZYriVllVXhZrlton,Asian/Pacific Islander,Neg,ATW,1
GZYriVllVXhZrlton,Asian/Pacific Islander,Pos,ATW,5
GZYriVllVXhZrlton,Asian/Pacific Islander,Pos,ATW,3
GZYriVllVXhZrlton,Asian/Pacific Islander,Neg,ATB,4
GZYriVllVXhZrlton,Asian/Pacific Islander,Manip_check,ATB,5
GZYriVllVXhZrlton,Asian/Pacific Islander,Pos,ATB,2
GZYriVllVXhZrlton,Asian/Pacific Islander,Neg,ATB,1
GZYriVllVXhZrlton,Asian/Pacific Islander,Neg,ATB,5
GZYriVllVXhZrlton,Asian/Pacific Islander,Interal,EM_IM,4
GZYriVllVXhZrlton,Asian/Pacific Islander,Neg,ATB,5
GZYriVllVXhZrlton,Asian/Pacific Islander,Pos,ATB,1
GZYriVllVXhZrlton,Asian/Pacific Islander,External,EM_IM,4
GZYriVllVXhZrlton,Asian/Pacific Islander,Neg,ATW,4
GZYriVllVXhZrlton,Asian/Pacific Islander,Pos,ATW,1
GZYriVllVXhZrlton,Asian/Pacific Islander,Neg,ATW,1
GZYriVllVXhZrlton,Asian/Pacific Islander,Neg,ATB,4
GZYriVllVXhZrlton,Asian/Pacific Islander,External,EM_IM,2
GZYriVllVXhZrlton,Asian/Pacific Islander,Pos,ATW,2
GZYriVllVXhZrlton,Asian/Pacific Islander,Pos,ATW,2
GZYriVllVXhZrlton,Asian/Pacific Islander,Manip_check,ATW,5
GZYriVllVXhZrlton,Asian/Pacific Islander,,ContactQ,40
GZYriVllVXhZrlton,Asian/Pacific Islander,Manip_check,EM_IM,1
GZYriVllVXhZrlton,Asian/Pacific Islander,Interal,EM_IM,5
GZYriVllVXhZrlton,Asian/Pacific Islander,Interal,EM_IM,4
GZYriVllVXhZrlton,Asian/Pacific Islander,Neg,ATB,4
GZYriVllVXhZrlton,Asian/Pacific Islander,External,EM_IM,4
GZYriVllVXhZrlton,Asian/Pacific Islander,Manip_check,ATB,1
GZYriVllVXhZrlton,Asian/Pacific Islander,Manip_check,EM_IM,5
GZYriVllVXhZrlton,Asian/Pacific Islander,External,EM_IM,4
GZYriVllVXhZrlton,Asian/Pacific Islander,Interal,EM_IM,4
GZYriVllVXhZrlton,Asian/Pacific Islander,Interal,EM_IM,4
GrZXVGVrstnVr,White,Pos,ATB,3
GrZXVGVrstnVr,White,Neg,ATB,3
GrZXVGVrstnVr,White,Pos,ATB,3
GrZXVGVrstnVr,White,Neg,ATB,3
GrZXVGVrstnVr,White,Interal,EM_IM,3
GrZXVGVrstnVr,White,Manip_check,ATW,5
GrZXVGVrstnVr,White,Manip_check,ATB,5
GrZXVGVrstnVr,White,External,EM_IM,2
GrZXVGVrstnVr,White,Interal,EM_IM,5
GrZXVGVrstnVr,White,Pos,ATB,2
GrZXVGVrstnVr,White,Neg,ATB,3
GrZXVGVrstnVr,White,Neg,ATB,2
GrZXVGVrstnVr,White,Neg,ATB,3
GrZXVGVrstnVr,White,External,EM_IM,3
GrZXVGVrstnVr,White,Interal,EM_IM,4
GrZXVGVrstnVr,White,External,EM_IM,3
GrZXVGVrstnVr,White,External,EM_IM,3
GrZXVGVrstnVr,White,Neg,ATW,3
GrZXVGVrstnVr,White,Interal,EM_IM,3
GrZXVGVrstnVr,White,Manip_check,EM_IM,1
GrZXVGVrstnVr,White,Pos,ATW,4
GrZXVGVrstnVr,White,Manip_check,ATW,1
GrZXVGVrstnVr,White,Pos,ATW,3
GrZXVGVrstnVr,White,Pos,ATW,3
GrZXVGVrstnVr,White,Pos,ATW,4
GrZXVGVrstnVr,White,Pos,ATW,4
GrZXVGVrstnVr,White,Neg,ATW,2
GrZXVGVrstnVr,White,Neg,ATW,2
GrZXVGVrstnVr,White,Pos,ATW,5
GrZXVGVrstnVr,White,Pos,ATB,2
GrZXVGVrstnVr,White,Neg,ATB,3
GrZXVGVrstnVr,White,,ContactQ,I spend at least 24 hours per week I go to college and work.
GrZXVGVrstnVr,White,Manip_check,ATB,1
GrZXVGVrstnVr,White,External,EM_IM,3
GrZXVGVrstnVr,White,Manip_check,EM_IM,5
GrZXVGVrstnVr,White,Interal,EM_IM,3
GrZXVGVrstnVr,White,Neg,ATW,2
HonVsty,Other/unknown,External,EM_IM,1
HonVsty,Other/unknown,Neg,ATW,1
HonVsty,Other/unknown,Pos,ATW,5
HonVsty,Other/unknown,Interal,EM_IM,5
HonVsty,Other/unknown,Neg,ATW,1
HonVsty,Other/unknown,External,EM_IM,4
HonVsty,Other/unknown,Neg,ATB,5
HonVsty,Other/unknown,Interal,EM_IM,5
HonVsty,Other/unknown,Manip_check,EM_IM,5
HonVsty,Other/unknown,Neg,ATB,5
HonVsty,Other/unknown,Pos,ATB,1
HonVsty,Other/unknown,Manip_check,ATB,5
HonVsty,Other/unknown,Interal,EM_IM,5
HonVsty,Other/unknown,Neg,ATB,5
HonVsty,Other/unknown,Pos,ATB,2
HonVsty,Other/unknown,,ContactQ,Half of my day
HonVsty,Other/unknown,Pos,ATB,1
HonVsty,Other/unknown,Neg,ATB,5
HonVsty,Other/unknown,Manip_check,ATW,1
HonVsty,Other/unknown,Interal,EM_IM,5
HonVsty,Other/unknown,Neg,ATW,5
HonVsty,Other/unknown,Pos,ATW,5
HonVsty,Other/unknown,Pos,ATW,5
HonVsty,Other/unknown,Neg,ATW,1
HonVsty,Other/unknown,Pos,ATW,5
HonVsty,Other/unknown,Manip_check,ATB,1
HonVsty,Other/unknown,Pos,ATW,5
HonVsty,Other/unknown,External,EM_IM,3
HonVsty,Other/unknown,Neg,ATB,1
HonVsty,Other/unknown,External,EM_IM,3
HonVsty,Other/unknown,Pos,ATW,1
HonVsty,Other/unknown,Manip_check,ATW,5
HonVsty,Other/unknown,Pos,ATB,1
HonVsty,Other/unknown,Interal,EM_IM,5
HonVsty,Other/unknown,External,EM_IM,1
HonVsty,Other/unknown,Neg,ATB,5
HonVsty,Other/unknown,Manip_check,EM_IM,1
JZXoYFostVr,White,Manip_check,ATW,5
JZXoYFostVr,White,Neg,ATW,3
JZXoYFostVr,White,Manip_check,ATW,5
JZXoYFostVr,White,Pos,ATB,1
JZXoYFostVr,White,Pos,ATW,5
JZXoYFostVr,White,Neg,ATB,5
JZXoYFostVr,White,Pos,ATW,5
JZXoYFostVr,White,Manip_check,EM_IM,5
JZXoYFostVr,White,Pos,ATB,1
JZXoYFostVr,White,Neg,ATB,1
JZXoYFostVr,White,Manip_check,ATB,5
JZXoYFostVr,White,Interal,EM_IM,5
JZXoYFostVr,White,Neg,ATW,1
JZXoYFostVr,White,External,EM_IM,3
JZXoYFostVr,White,Manip_check,EM_IM,1
JZXoYFostVr,White,Pos,ATB,3
JZXoYFostVr,White,Neg,ATW,1
JZXoYFostVr,White,External,EM_IM,1
JZXoYFostVr,White,Neg,ATB,5
JZXoYFostVr,White,Interal,EM_IM,5
JZXoYFostVr,White,Pos,ATW,1
JZXoYFostVr,White,Manip_check,ATB,1
JZXoYFostVr,White,Neg,ATB,1
JZXoYFostVr,White,Pos,ATW,5
JZXoYFostVr,White,Interal,EM_IM,5
JZXoYFostVr,White,Pos,ATW,5
JZXoYFostVr,White,Interal,EM_IM,5
JZXoYFostVr,White,External,EM_IM,1
JZXoYFostVr,White,Neg,ATW,1
JZXoYFostVr,White,Pos,ATB,1
JZXoYFostVr,White,External,EM_IM,1
JZXoYFostVr,White,Interal,EM_IM,5
JZXoYFostVr,White,Neg,ATB,5
JZXoYFostVr,White,Pos,ATW,5
JZXoYFostVr,White,External,EM_IM,2
JZXoYFostVr,White,Neg,ATB,5
JZXoYFostVr,White,,ContactQ,15ish hours a week
JVrniZhWilliZms,Black,Pos,ATB,3
JVrniZhWilliZms,Black,Pos,ATB,3
JVrniZhWilliZms,Black,Pos,ATB,3
JVrniZhWilliZms,Black,Pos,ATW,5
JVrniZhWilliZms,Black,Neg,ATB,3
JVrniZhWilliZms,Black,Neg,ATW,3
JVrniZhWilliZms,Black,Manip_check,ATW,1
JVrniZhWilliZms,Black,External,EM_IM,4
JVrniZhWilliZms,Black,Interal,EM_IM,4
JVrniZhWilliZms,Black,Manip_check,ATW,5
JVrniZhWilliZms,Black,Pos,ATB,2
JVrniZhWilliZms,Black,Neg,ATW,4
JVrniZhWilliZms,Black,Interal,EM_IM,4
JVrniZhWilliZms,Black,Manip_check,EM_IM,5
JVrniZhWilliZms,Black,Neg,ATB,3
JVrniZhWilliZms,Black,External,EM_IM,4
JVrniZhWilliZms,Black,Manip_check,EM_IM,1
JVrniZhWilliZms,Black,Neg,ATW,2
JVrniZhWilliZms,Black,External,EM_IM,4
JVrniZhWilliZms,Black,Interal,EM_IM,4
JVrniZhWilliZms,Black,Neg,ATB,3
JVrniZhWilliZms,Black,Pos,ATW,3
JVrniZhWilliZms,Black,Manip_check,ATB,1
JVrniZhWilliZms,Black,Manip_check,ATB,5
JVrniZhWilliZms,Black,Pos,ATW,3
JVrniZhWilliZms,Black,Pos,ATW,4
JVrniZhWilliZms,Black,Interal,EM_IM,4
JVrniZhWilliZms,Black,Neg,ATB,3
JVrniZhWilliZms,Black,Interal,EM_IM,3
JVrniZhWilliZms,Black,Pos,ATW,3
JVrniZhWilliZms,Black,,ContactQ,0
JVrniZhWilliZms,Black,Neg,ATW,3
JVrniZhWilliZms,Black,External,EM_IM,4
JVrniZhWilliZms,Black,Pos,ATW,3
JVrniZhWilliZms,Black,External,EM_IM,2
JVrniZhWilliZms,Black,Neg,ATB,3
JVrniZhWilliZms,Black,Neg,ATB,5
JhZyWV,Other/unknown,Manip_check,ATB,5
JhZyWV,Other/unknown,Interal,EM_IM,3
JhZyWV,Other/unknown,Manip_check,EM_IM,1
JhZyWV,Other/unknown,Pos,ATB,2
JhZyWV,Other/unknown,External,EM_IM,4
JhZyWV,Other/unknown,External,EM_IM,
JhZyWV,Other/unknown,Interal,EM_IM,4
JhZyWV,Other/unknown,Neg,ATB,5
JhZyWV,Other/unknown,Neg,ATB,4
JhZyWV,Other/unknown,External,EM_IM,5
JhZyWV,Other/unknown,External,EM_IM,4
JhZyWV,Other/unknown,Pos,ATB,1
JhZyWV,Other/unknown,Neg,ATW,4
JhZyWV,Other/unknown,Neg,ATW,3
JhZyWV,Other/unknown,Interal,EM_IM,5
JhZyWV,Other/unknown,Neg,ATB,3
JhZyWV,Other/unknown,Manip_check,ATW,1
JhZyWV,Other/unknown,Manip_check,ATB,1
JhZyWV,Other/unknown,Interal,EM_IM,5
JhZyWV,Other/unknown,Pos,ATB,3
JhZyWV,Other/unknown,Manip_check,ATW,5
JhZyWV,Other/unknown,Pos,ATW,3
JhZyWV,Other/unknown,Neg,ATB,4
JhZyWV,Other/unknown,Manip_check,EM_IM,5
JhZyWV,Other/unknown,Neg,ATW,3
JhZyWV,Other/unknown,,ContactQ,"168 hours, literally with my rommate "
JhZyWV,Other/unknown,Interal,EM_IM,3
JhZyWV,Other/unknown,Pos,ATW,4
JhZyWV,Other/unknown,Pos,ATW,4
JhZyWV,Other/unknown,External,EM_IM,3
JhZyWV,Other/unknown,Pos,ATW,2
JhZyWV,Other/unknown,Neg,ATB,4
JhZyWV,Other/unknown,Neg,ATB,4
JhZyWV,Other/unknown,Pos,ATB,5
JhZyWV,Other/unknown,Pos,ATW,3
JhZyWV,Other/unknown,Pos,ATW,2
JhZyWV,Other/unknown,Neg,ATW,3
JosVlinVspinozZ,Other/unknown,Pos,ATB,1
JosVlinVspinozZ,Other/unknown,Neg,ATW,2
JosVlinVspinozZ,Other/unknown,Pos,ATB,2
JosVlinVspinozZ,Other/unknown,Pos,ATW,1
JosVlinVspinozZ,Other/unknown,Pos,ATW,5
JosVlinVspinozZ,Other/unknown,Neg,ATW,3
JosVlinVspinozZ,Other/unknown,Pos,ATW,2
JosVlinVspinozZ,Other/unknown,Pos,ATW,1
JosVlinVspinozZ,Other/unknown,Pos,ATW,3
JosVlinVspinozZ,Other/unknown,Manip_check,ATB,1
JosVlinVspinozZ,Other/unknown,Pos,ATW,3
JosVlinVspinozZ,Other/unknown,Manip_check,ATW,1
JosVlinVspinozZ,Other/unknown,Interal,EM_IM,5
JosVlinVspinozZ,Other/unknown,External,EM_IM,5
JosVlinVspinozZ,Other/unknown,Interal,EM_IM,5
JosVlinVspinozZ,Other/unknown,Manip_check,EM_IM,5
JosVlinVspinozZ,Other/unknown,External,EM_IM,3
JosVlinVspinozZ,Other/unknown,External,EM_IM,3
JosVlinVspinozZ,Other/unknown,Interal,EM_IM,5
JosVlinVspinozZ,Other/unknown,Interal,EM_IM,4
JosVlinVspinozZ,Other/unknown,External,EM_IM,3
JosVlinVspinozZ,Other/unknown,,ContactQ,144
JosVlinVspinozZ,Other/unknown,Manip_check,EM_IM,5
JosVlinVspinozZ,Other/unknown,External,EM_IM,3
JosVlinVspinozZ,Other/unknown,Interal,EM_IM,4
JosVlinVspinozZ,Other/unknown,Manip_check,ATB,5
JosVlinVspinozZ,Other/unknown,Neg,ATB,5
JosVlinVspinozZ,Other/unknown,Neg,ATB,1
JosVlinVspinozZ,Other/unknown,Neg,ATB,5
JosVlinVspinozZ,Other/unknown,Neg,ATB,5
JosVlinVspinozZ,Other/unknown,Pos,ATB,1
JosVlinVspinozZ,Other/unknown,Pos,ATB,1
JosVlinVspinozZ,Other/unknown,Neg,ATB,5
JosVlinVspinozZ,Other/unknown,Neg,ATB,5
JosVlinVspinozZ,Other/unknown,Neg,ATW,1
JosVlinVspinozZ,Other/unknown,Manip_check,ATW,5
JosVlinVspinozZ,Other/unknown,Neg,ATW,4
KZrymVLozZnoGZrXiZ,Other/unknown,Neg,ATB,1
KZrymVLozZnoGZrXiZ,Other/unknown,Manip_check,EM_IM,5
KZrymVLozZnoGZrXiZ,Other/unknown,Neg,ATB,4
KZrymVLozZnoGZrXiZ,Other/unknown,,ContactQ,20
KZrymVLozZnoGZrXiZ,Other/unknown,Pos,ATB,2
KZrymVLozZnoGZrXiZ,Other/unknown,Pos,ATB,2
KZrymVLozZnoGZrXiZ,Other/unknown,Neg,ATB,4
KZrymVLozZnoGZrXiZ,Other/unknown,Neg,ATB,4
KZrymVLozZnoGZrXiZ,Other/unknown,Pos,ATB,4
KZrymVLozZnoGZrXiZ,Other/unknown,Manip_check,EM_IM,1
KZrymVLozZnoGZrXiZ,Other/unknown,Pos,ATW,2
KZrymVLozZnoGZrXiZ,Other/unknown,Neg,ATW,3
KZrymVLozZnoGZrXiZ,Other/unknown,Interal,EM_IM,5
KZrymVLozZnoGZrXiZ,Other/unknown,Pos,ATW,2
KZrymVLozZnoGZrXiZ,Other/unknown,Neg,ATW,4
KZrymVLozZnoGZrXiZ,Other/unknown,Pos,ATW,4
KZrymVLozZnoGZrXiZ,Other/unknown,Pos,ATW,4
KZrymVLozZnoGZrXiZ,Other/unknown,Interal,EM_IM,4
KZrymVLozZnoGZrXiZ,Other/unknown,Interal,EM_IM,3
KZrymVLozZnoGZrXiZ,Other/unknown,Interal,EM_IM,4
KZrymVLozZnoGZrXiZ,Other/unknown,Pos,ATW,3
KZrymVLozZnoGZrXiZ,Other/unknown,Manip_check,ATW,5
KZrymVLozZnoGZrXiZ,Other/unknown,Neg,ATW,1
KZrymVLozZnoGZrXiZ,Other/unknown,Neg,ATB,4
KZrymVLozZnoGZrXiZ,Other/unknown,Manip_check,ATB,5
KZrymVLozZnoGZrXiZ,Other/unknown,External,EM_IM,4
KZrymVLozZnoGZrXiZ,Other/unknown,External,EM_IM,3
KZrymVLozZnoGZrXiZ,Other/unknown,Pos,ATB,3
KZrymVLozZnoGZrXiZ,Other/unknown,External,EM_IM,4
KZrymVLozZnoGZrXiZ,Other/unknown,External,EM_IM,3
KZrymVLozZnoGZrXiZ,Other/unknown,Manip_check,ATW,1
KZrymVLozZnoGZrXiZ,Other/unknown,External,EM_IM,2
KZrymVLozZnoGZrXiZ,Other/unknown,Neg,ATW,3
KZrymVLozZnoGZrXiZ,Other/unknown,Pos,ATW,3
KZrymVLozZnoGZrXiZ,Other/unknown,Neg,ATB,3
KZrymVLozZnoGZrXiZ,Other/unknown,Manip_check,ATB,1
KZrymVLozZnoGZrXiZ,Other/unknown,Interal,EM_IM,4
KylVVXZrnVs,White,,ContactQ,30
KylVVXZrnVs,White,Interal,EM_IM,5
KylVVXZrnVs,White,Manip_check,EM_IM,5
KylVVXZrnVs,White,Pos,ATB,2
KylVVXZrnVs,White,Interal,EM_IM,5
KylVVXZrnVs,White,Interal,EM_IM,5
KylVVXZrnVs,White,Pos,ATB,1
KylVVXZrnVs,White,Manip_check,EM_IM,1
KylVVXZrnVs,White,Pos,ATW,1
KylVVXZrnVs,White,Interal,EM_IM,5
KylVVXZrnVs,White,Manip_check,ATW,5
KylVVXZrnVs,White,Neg,ATB,4
KylVVXZrnVs,White,Pos,ATB,3
KylVVXZrnVs,White,Manip_check,ATW,1
KylVVXZrnVs,White,Neg,ATB,5
KylVVXZrnVs,White,Pos,ATW,5
KylVVXZrnVs,White,External,EM_IM,3
KylVVXZrnVs,White,Neg,ATB,5
KylVVXZrnVs,White,External,EM_IM,3
KylVVXZrnVs,White,External,EM_IM,3
KylVVXZrnVs,White,Manip_check,ATB,5
KylVVXZrnVs,White,Pos,ATW,1
KylVVXZrnVs,White,Pos,ATW,5
KylVVXZrnVs,White,Pos,ATW,5
KylVVXZrnVs,White,Interal,EM_IM,5
KylVVXZrnVs,White,External,EM_IM,3
KylVVXZrnVs,White,Pos,ATB,1
KylVVXZrnVs,White,External,EM_IM,3
KylVVXZrnVs,White,Neg,ATB,5
KylVVXZrnVs,White,Pos,ATW,4
KylVVXZrnVs,White,Neg,ATB,5
KylVVXZrnVs,White,Neg,ATB,1
KylVVXZrnVs,White,Neg,ATW,1
KylVVXZrnVs,White,Manip_check,ATB,1
KylVVXZrnVs,White,Neg,ATW,2
KylVVXZrnVs,White,Neg,ATW,3
KylVVXZrnVs,White,Neg,ATW,1
KylVVRZngVl,White,Pos,ATW,1
KylVVRZngVl,White,Pos,ATW,5
KylVVRZngVl,White,Neg,ATW,1
KylVVRZngVl,White,Neg,ATW,1
KylVVRZngVl,White,Pos,ATW,5
KylVVRZngVl,White,Interal,EM_IM,4
KylVVRZngVl,White,External,EM_IM,4
KylVVRZngVl,White,Manip_check,EM_IM,1
KylVVRZngVl,White,Pos,ATW,4
KylVVRZngVl,White,Interal,EM_IM,4
KylVVRZngVl,White,Neg,ATW,1
KylVVRZngVl,White,External,EM_IM,3
KylVVRZngVl,White,,ContactQ,20 or more 
KylVVRZngVl,White,Manip_check,EM_IM,5
KylVVRZngVl,White,Manip_check,ATB,1
KylVVRZngVl,White,Pos,ATB,1
KylVVRZngVl,White,External,EM_IM,2
KylVVRZngVl,White,Pos,ATB,1
KylVVRZngVl,White,Manip_check,ATW,1
KylVVRZngVl,White,Pos,ATB,1
KylVVRZngVl,White,Neg,ATB,5
KylVVRZngVl,White,Neg,ATB,5
KylVVRZngVl,White,Neg,ATB,5
KylVVRZngVl,White,Neg,ATB,5
KylVVRZngVl,White,Manip_check,ATB,5
KylVVRZngVl,White,Pos,ATB,1
KylVVRZngVl,White,Neg,ATB,3
KylVVRZngVl,White,Interal,EM_IM,5
KylVVRZngVl,White,External,EM_IM,3
KylVVRZngVl,White,Pos,ATW,5
KylVVRZngVl,White,Interal,EM_IM,4
KylVVRZngVl,White,Interal,EM_IM,5
KylVVRZngVl,White,Manip_check,ATW,5
KylVVRZngVl,White,Neg,ATB,1
KylVVRZngVl,White,External,EM_IM,3
KylVVRZngVl,White,Pos,ATW,5
KylVVRZngVl,White,Neg,ATW,1
lZnWonshVlton,Black,External,EM_IM,4
lZnWonshVlton,Black,Interal,EM_IM,5
lZnWonshVlton,Black,Neg,ATB,5
lZnWonshVlton,Black,Manip_check,ATW,5
lZnWonshVlton,Black,Interal,EM_IM,5
lZnWonshVlton,Black,Manip_check,ATB,1
lZnWonshVlton,Black,Manip_check,ATB,5
lZnWonshVlton,Black,Pos,ATB,1
lZnWonshVlton,Black,Manip_check,EM_IM,1
lZnWonshVlton,Black,Pos,ATB,1
lZnWonshVlton,Black,Neg,ATB,5
lZnWonshVlton,Black,Neg,ATB,1
lZnWonshVlton,Black,Neg,ATB,4
lZnWonshVlton,Black,Neg,ATW,1
lZnWonshVlton,Black,Pos,ATW,5
lZnWonshVlton,Black,Pos,ATB,1
lZnWonshVlton,Black,Manip_check,ATW,1
lZnWonshVlton,Black,Pos,ATW,5
lZnWonshVlton,Black,Pos,ATW,1
lZnWonshVlton,Black,Pos,ATW,5
lZnWonshVlton,Black,Pos,ATW,5
lZnWonshVlton,Black,,ContactQ,168
lZnWonshVlton,Black,Manip_check,EM_IM,5
lZnWonshVlton,Black,Neg,ATW,1
lZnWonshVlton,Black,Neg,ATW,1
lZnWonshVlton,Black,Pos,ATW,5
lZnWonshVlton,Black,External,EM_IM,1
lZnWonshVlton,Black,External,EM_IM,3
lZnWonshVlton,Black,Interal,EM_IM,4
lZnWonshVlton,Black,Interal,EM_IM,4
lZnWonshVlton,Black,Pos,ATB,1
lZnWonshVlton,Black,External,EM_IM,1
lZnWonshVlton,Black,External,EM_IM,5
lZnWonshVlton,Black,Neg,ATB,5
lZnWonshVlton,Black,Neg,ATW,5
lZnWonshVlton,Black,Interal,EM_IM,5
lZnWonshVlton,Black,Neg,ATB,5
LVZhFrZnks,Black,External,EM_IM,1
LVZhFrZnks,Black,Manip_check,EM_IM,5
LVZhFrZnks,Black,External,EM_IM,4
LVZhFrZnks,Black,Interal,EM_IM,5
LVZhFrZnks,Black,Interal,EM_IM,5
LVZhFrZnks,Black,Interal,EM_IM,5
LVZhFrZnks,Black,,ContactQ,6 hours
LVZhFrZnks,Black,Interal,EM_IM,5
LVZhFrZnks,Black,External,EM_IM,1
LVZhFrZnks,Black,External,EM_IM,1
LVZhFrZnks,Black,Manip_check,ATW,5
LVZhFrZnks,Black,Manip_check,ATW,1
LVZhFrZnks,Black,Neg,ATW,1
LVZhFrZnks,Black,Neg,ATW,5
LVZhFrZnks,Black,Pos,ATW,1
LVZhFrZnks,Black,Pos,ATW,3
LVZhFrZnks,Black,Neg,ATW,1
LVZhFrZnks,Black,Pos,ATW,5
LVZhFrZnks,Black,Pos,ATW,4
LVZhFrZnks,Black,Pos,ATW,4
LVZhFrZnks,Black,Pos,ATW,5
LVZhFrZnks,Black,Neg,ATW,3
LVZhFrZnks,Black,Pos,ATB,1
LVZhFrZnks,Black,Neg,ATB,5
LVZhFrZnks,Black,Manip_check,ATB,5
LVZhFrZnks,Black,Manip_check,ATB,1
LVZhFrZnks,Black,Pos,ATB,1
LVZhFrZnks,Black,Neg,ATB,5
LVZhFrZnks,Black,Pos,ATB,1
LVZhFrZnks,Black,Neg,ATB,5
LVZhFrZnks,Black,Neg,ATB,5
LVZhFrZnks,Black,Neg,ATB,5
LVZhFrZnks,Black,Pos,ATB,1
LVZhFrZnks,Black,Neg,ATB,1
LVZhFrZnks,Black,Interal,EM_IM,4
LVZhFrZnks,Black,External,EM_IM,3
LVZhFrZnks,Black,Manip_check,EM_IM,1
LilyZnXopVlZnW,White,Interal,EM_IM,4
LilyZnXopVlZnW,White,Pos,ATW,3
LilyZnXopVlZnW,White,Manip_check,EM_IM,5
LilyZnXopVlZnW,White,Pos,ATW,5
LilyZnXopVlZnW,White,Pos,ATB,3
LilyZnXopVlZnW,White,Neg,ATB,5
LilyZnXopVlZnW,White,External,EM_IM,4
LilyZnXopVlZnW,White,External,EM_IM,3
LilyZnXopVlZnW,White,Neg,ATB,5
LilyZnXopVlZnW,White,Neg,ATB,1
LilyZnXopVlZnW,White,Manip_check,ATB,5
LilyZnXopVlZnW,White,Pos,ATB,1
LilyZnXopVlZnW,White,Manip_check,ATW,5
LilyZnXopVlZnW,White,Pos,ATB,1
LilyZnXopVlZnW,White,Pos,ATB,1
LilyZnXopVlZnW,White,Neg,ATB,5
LilyZnXopVlZnW,White,Interal,EM_IM,5
LilyZnXopVlZnW,White,Neg,ATW,3
LilyZnXopVlZnW,White,Manip_check,EM_IM,1
LilyZnXopVlZnW,White,Pos,ATW,1
LilyZnXopVlZnW,White,Pos,ATW,5
LilyZnXopVlZnW,White,Neg,ATB,5
LilyZnXopVlZnW,White,Neg,ATW,1
LilyZnXopVlZnW,White,Interal,EM_IM,3
LilyZnXopVlZnW,White,Pos,ATW,5
LilyZnXopVlZnW,White,Interal,EM_IM,3
LilyZnXopVlZnW,White,External,EM_IM,3
LilyZnXopVlZnW,White,Neg,ATW,1
LilyZnXopVlZnW,White,External,EM_IM,2
LilyZnXopVlZnW,White,Manip_check,ATW,1
LilyZnXopVlZnW,White,External,EM_IM,3
LilyZnXopVlZnW,White,Interal,EM_IM,5
LilyZnXopVlZnW,White,Neg,ATB,4
LilyZnXopVlZnW,White,Pos,ATW,5
LilyZnXopVlZnW,White,Neg,ATW,1
LilyZnXopVlZnW,White,Manip_check,ATB,1
LilyZnXopVlZnW,White,,ContactQ,I work with individuals of different races/ethnicities; at least 20 hours a week. 
MZryPowVrs,White,External,EM_IM,2
MZryPowVrs,White,Pos,ATB,1
MZryPowVrs,White,Neg,ATB,5
MZryPowVrs,White,Neg,ATB,1
MZryPowVrs,White,Pos,ATB,1
MZryPowVrs,White,External,EM_IM,3
MZryPowVrs,White,,ContactQ,40+
MZryPowVrs,White,Interal,EM_IM,4
MZryPowVrs,White,Pos,ATB,1
MZryPowVrs,White,Manip_check,ATW,1
MZryPowVrs,White,Neg,ATW,1
MZryPowVrs,White,Pos,ATW,5
MZryPowVrs,White,Neg,ATW,1
MZryPowVrs,White,Manip_check,ATW,5
MZryPowVrs,White,Pos,ATW,5
MZryPowVrs,White,Pos,ATW,5
MZryPowVrs,White,Pos,ATW,1
MZryPowVrs,White,Pos,ATW,5
MZryPowVrs,White,Manip_check,ATB,1
MZryPowVrs,White,Neg,ATB,5
MZryPowVrs,White,Neg,ATB,5
MZryPowVrs,White,Neg,ATB,5
MZryPowVrs,White,External,EM_IM,3
MZryPowVrs,White,External,EM_IM,3
MZryPowVrs,White,Manip_check,EM_IM,1
MZryPowVrs,White,Interal,EM_IM,5
MZryPowVrs,White,External,EM_IM,4
MZryPowVrs,White,Interal,EM_IM,5
MZryPowVrs,White,Manip_check,EM_IM,5
MZryPowVrs,White,Interal,EM_IM,5
MZryPowVrs,White,Interal,EM_IM,4
MZryPowVrs,White,Neg,ATW,1
MZryPowVrs,White,Pos,ATW,4
MZryPowVrs,White,Neg,ATW,1
MZryPowVrs,White,Pos,ATB,1
MZryPowVrs,White,Manip_check,ATB,5
MZryPowVrs,White,Neg,ATB,5
MXKVnziVMoyVr,White,Pos,ATW,5
MXKVnziVMoyVr,White,Neg,ATW,1
MXKVnziVMoyVr,White,Manip_check,ATB,1
MXKVnziVMoyVr,White,Pos,ATW,1
MXKVnziVMoyVr,White,External,EM_IM,1
MXKVnziVMoyVr,White,Neg,ATB,5
MXKVnziVMoyVr,White,Neg,ATB,5
MXKVnziVMoyVr,White,Pos,ATW,5
MXKVnziVMoyVr,White,Interal,EM_IM,4
MXKVnziVMoyVr,White,Manip_check,ATW,5
MXKVnziVMoyVr,White,Neg,ATB,5
MXKVnziVMoyVr,White,Pos,ATW,5
MXKVnziVMoyVr,White,Pos,ATB,1
MXKVnziVMoyVr,White,Manip_check,ATW,1
MXKVnziVMoyVr,White,Interal,EM_IM,5
MXKVnziVMoyVr,White,Pos,ATW,4
MXKVnziVMoyVr,White,Manip_check,EM_IM,5
MXKVnziVMoyVr,White,Neg,ATW,1
MXKVnziVMoyVr,White,Neg,ATB,5
MXKVnziVMoyVr,White,Interal,EM_IM,5
MXKVnziVMoyVr,White,Neg,ATB,4
MXKVnziVMoyVr,White,External,EM_IM,2
MXKVnziVMoyVr,White,Pos,ATW,5
MXKVnziVMoyVr,White,External,EM_IM,3
MXKVnziVMoyVr,White,Interal,EM_IM,5
MXKVnziVMoyVr,White,Neg,ATW,1
MXKVnziVMoyVr,White,Pos,ATB,1
MXKVnziVMoyVr,White,Neg,ATB,1
MXKVnziVMoyVr,White,Manip_check,EM_IM,1
MXKVnziVMoyVr,White,Neg,ATW,1
MXKVnziVMoyVr,White,,ContactQ,3
MXKVnziVMoyVr,White,Interal,EM_IM,5
MXKVnziVMoyVr,White,Manip_check,ATB,5
MXKVnziVMoyVr,White,Pos,ATB,3
MXKVnziVMoyVr,White,External,EM_IM,1
MXKVnziVMoyVr,White,Pos,ATB,1
MXKVnziVMoyVr,White,External,EM_IM,1
MVgZnHughVs,White,Manip_check,ATB,1
MVgZnHughVs,White,Manip_check,ATB,5
MVgZnHughVs,White,Neg,ATW,5
MVgZnHughVs,White,Manip_check,ATW,5
MVgZnHughVs,White,Pos,ATB,2
MVgZnHughVs,White,Pos,ATW,5
MVgZnHughVs,White,Neg,ATB,5
MVgZnHughVs,White,Neg,ATB,4
MVgZnHughVs,White,Pos,ATB,1
MVgZnHughVs,White,Pos,ATW,4
MVgZnHughVs,White,Interal,EM_IM,5
MVgZnHughVs,White,Manip_check,EM_IM,1
MVgZnHughVs,White,Neg,ATW,1
MVgZnHughVs,White,Manip_check,EM_IM,5
MVgZnHughVs,White,External,EM_IM,3
MVgZnHughVs,White,Neg,ATW,2
MVgZnHughVs,White,External,EM_IM,1
MVgZnHughVs,White,Neg,ATW,2
MVgZnHughVs,White,Pos,ATW,3
MVgZnHughVs,White,External,EM_IM,3
MVgZnHughVs,White,External,EM_IM,4
MVgZnHughVs,White,Neg,ATB,2
MVgZnHughVs,White,Neg,ATB,4
MVgZnHughVs,White,Neg,ATB,5
MVgZnHughVs,White,Pos,ATW,3
MVgZnHughVs,White,Interal,EM_IM,5
MVgZnHughVs,White,Interal,EM_IM,5
MVgZnHughVs,White,,ContactQ,15
MVgZnHughVs,White,Manip_check,ATW,1
MVgZnHughVs,White,Pos,ATW,4
MVgZnHughVs,White,Interal,EM_IM,5
MVgZnHughVs,White,Pos,ATW,1
MVgZnHughVs,White,Interal,EM_IM,5
MVgZnHughVs,White,Pos,ATB,2
MVgZnHughVs,White,Pos,ATB,1
MVgZnHughVs,White,External,EM_IM,3
MVgZnHughVs,White,Neg,ATB,5
MVlVnyRojZs,Other/unknown,External,EM_IM,1
MVlVnyRojZs,Other/unknown,Manip_check,ATW,1
MVlVnyRojZs,Other/unknown,Manip_check,EM_IM,5
MVlVnyRojZs,Other/unknown,Neg,ATW,1
MVlVnyRojZs,Other/unknown,Pos,ATW,1
MVlVnyRojZs,Other/unknown,Pos,ATW,5
MVlVnyRojZs,Other/unknown,Interal,EM_IM,5
MVlVnyRojZs,Other/unknown,Interal,EM_IM,5
MVlVnyRojZs,Other/unknown,External,EM_IM,1
MVlVnyRojZs,Other/unknown,External,EM_IM,3
MVlVnyRojZs,Other/unknown,Manip_check,ATB,1
MVlVnyRojZs,Other/unknown,Pos,ATB,1
MVlVnyRojZs,Other/unknown,,ContactQ,10-May
MVlVnyRojZs,Other/unknown,External,EM_IM,5
MVlVnyRojZs,Other/unknown,Manip_check,EM_IM,1
MVlVnyRojZs,Other/unknown,Pos,ATW,5
MVlVnyRojZs,Other/unknown,Pos,ATW,5
MVlVnyRojZs,Other/unknown,Interal,EM_IM,5
MVlVnyRojZs,Other/unknown,Interal,EM_IM,5
MVlVnyRojZs,Other/unknown,Neg,ATW,1
MVlVnyRojZs,Other/unknown,Neg,ATW,1
MVlVnyRojZs,Other/unknown,Neg,ATW,1
MVlVnyRojZs,Other/unknown,Manip_check,ATW,5
MVlVnyRojZs,Other/unknown,Neg,ATB,5
MVlVnyRojZs,Other/unknown,Neg,ATB,1
MVlVnyRojZs,Other/unknown,Neg,ATB,5
MVlVnyRojZs,Other/unknown,Pos,ATB,1
MVlVnyRojZs,Other/unknown,Pos,ATB,1
MVlVnyRojZs,Other/unknown,Pos,ATW,5
MVlVnyRojZs,Other/unknown,Pos,ATW,1
MVlVnyRojZs,Other/unknown,External,EM_IM,5
MVlVnyRojZs,Other/unknown,Interal,EM_IM,5
MVlVnyRojZs,Other/unknown,Pos,ATB,1
MVlVnyRojZs,Other/unknown,Neg,ATB,5
MVlVnyRojZs,Other/unknown,Neg,ATB,5
MVlVnyRojZs,Other/unknown,Manip_check,ATB,5
MVlVnyRojZs,Other/unknown,Neg,ATB,5
MorgZnPopV,White,Neg,ATW,2
MorgZnPopV,White,Manip_check,ATW,5
MorgZnPopV,White,Pos,ATW,5
MorgZnPopV,White,Manip_check,ATW,1
MorgZnPopV,White,External,EM_IM,4
MorgZnPopV,White,Manip_check,EM_IM,1
MorgZnPopV,White,Interal,EM_IM,4
MorgZnPopV,White,External,EM_IM,3
MorgZnPopV,White,Manip_check,EM_IM,5
MorgZnPopV,White,Interal,EM_IM,4
MorgZnPopV,White,External,EM_IM,4
MorgZnPopV,White,External,EM_IM,2
MorgZnPopV,White,Interal,EM_IM,3
MorgZnPopV,White,External,EM_IM,3
MorgZnPopV,White,Interal,EM_IM,4
MorgZnPopV,White,Interal,EM_IM,3
MorgZnPopV,White,,ContactQ,16
MorgZnPopV,White,Neg,ATB,4
MorgZnPopV,White,Neg,ATB,3
MorgZnPopV,White,Manip_check,ATB,1
MorgZnPopV,White,Pos,ATB,2
MorgZnPopV,White,Pos,ATW,5
MorgZnPopV,White,Manip_check,ATB,5
MorgZnPopV,White,Neg,ATB,5
MorgZnPopV,White,Pos,ATB,2
MorgZnPopV,White,Neg,ATB,5
MorgZnPopV,White,Neg,ATB,3
MorgZnPopV,White,Pos,ATB,3
MorgZnPopV,White,Pos,ATB,1
MorgZnPopV,White,Neg,ATB,3
MorgZnPopV,White,Pos,ATW,3
MorgZnPopV,White,Pos,ATW,5
MorgZnPopV,White,Neg,ATW,3
MorgZnPopV,White,Neg,ATW,3
MorgZnPopV,White,Pos,ATW,5
MorgZnPopV,White,Neg,ATW,2
MorgZnPopV,White,Pos,ATW,5
NikylZ,Black,Manip_check,EM_IM,5
NikylZ,Black,Pos,ATB,1
NikylZ,Black,Interal,EM_IM,3
NikylZ,Black,Interal,EM_IM,3
NikylZ,Black,Neg,ATB,3
NikylZ,Black,Pos,ATW,5
NikylZ,Black,Pos,ATW,3
NikylZ,Black,Pos,ATB,1
NikylZ,Black,Neg,ATB,5
NikylZ,Black,Neg,ATB,1
NikylZ,Black,External,EM_IM,3
NikylZ,Black,Neg,ATB,5
NikylZ,Black,Pos,ATW,5
NikylZ,Black,Pos,ATB,1
NikylZ,Black,Pos,ATW,1
NikylZ,Black,External,EM_IM,1
NikylZ,Black,Neg,ATW,4
NikylZ,Black,Manip_check,ATW,5
NikylZ,Black,Pos,ATW,5
NikylZ,Black,Manip_check,ATB,5
NikylZ,Black,,ContactQ,Everyday all day
NikylZ,Black,Pos,ATW,5
NikylZ,Black,Neg,ATW,4
NikylZ,Black,Interal,EM_IM,2
NikylZ,Black,Manip_check,EM_IM,1
NikylZ,Black,Pos,ATB,1
NikylZ,Black,Manip_check,ATW,1
NikylZ,Black,Interal,EM_IM,1
NikylZ,Black,Neg,ATW,3
NikylZ,Black,Interal,EM_IM,1
NikylZ,Black,External,EM_IM,1
NikylZ,Black,Neg,ATB,5
NikylZ,Black,Neg,ATB,4
NikylZ,Black,External,EM_IM,1
NikylZ,Black,Neg,ATW,1
NikylZ,Black,Manip_check,ATB,1
NikylZ,Black,External,EM_IM,1
OluwZfisZyomiWZWZ,Black,Interal,EM_IM,2
OluwZfisZyomiWZWZ,Black,External,EM_IM,5
OluwZfisZyomiWZWZ,Black,Manip_check,ATB,5
OluwZfisZyomiWZWZ,Black,Manip_check,EM_IM,1
OluwZfisZyomiWZWZ,Black,Interal,EM_IM,3
OluwZfisZyomiWZWZ,Black,Neg,ATW,5
OluwZfisZyomiWZWZ,Black,Pos,ATW,4
OluwZfisZyomiWZWZ,Black,External,EM_IM,4
OluwZfisZyomiWZWZ,Black,Manip_check,ATW,5
OluwZfisZyomiWZWZ,Black,Interal,EM_IM,2
OluwZfisZyomiWZWZ,Black,,ContactQ,60
OluwZfisZyomiWZWZ,Black,Neg,ATW,5
OluwZfisZyomiWZWZ,Black,Pos,ATB,1
OluwZfisZyomiWZWZ,Black,Neg,ATW,5
OluwZfisZyomiWZWZ,Black,Neg,ATB,3
OluwZfisZyomiWZWZ,Black,Neg,ATB,3
OluwZfisZyomiWZWZ,Black,Neg,ATW,4
OluwZfisZyomiWZWZ,Black,Neg,ATB,4
OluwZfisZyomiWZWZ,Black,Pos,ATW,2
OluwZfisZyomiWZWZ,Black,Neg,ATB,2
OluwZfisZyomiWZWZ,Black,External,EM_IM,4
OluwZfisZyomiWZWZ,Black,Pos,ATW,4
OluwZfisZyomiWZWZ,Black,Interal,EM_IM,4
OluwZfisZyomiWZWZ,Black,Pos,ATB,3
OluwZfisZyomiWZWZ,Black,Manip_check,EM_IM,5
OluwZfisZyomiWZWZ,Black,Neg,ATB,2
OluwZfisZyomiWZWZ,Black,Manip_check,ATB,1
OluwZfisZyomiWZWZ,Black,Neg,ATB,3
OluwZfisZyomiWZWZ,Black,Pos,ATW,5
OluwZfisZyomiWZWZ,Black,External,EM_IM,5
OluwZfisZyomiWZWZ,Black,Interal,EM_IM,4
OluwZfisZyomiWZWZ,Black,Pos,ATB,3
OluwZfisZyomiWZWZ,Black,Manip_check,ATW,1
OluwZfisZyomiWZWZ,Black,Pos,ATW,1
OluwZfisZyomiWZWZ,Black,Pos,ATW,3
OluwZfisZyomiWZWZ,Black,External,EM_IM,4
OluwZfisZyomiWZWZ,Black,Pos,ATB,2
PZulGuyVttV,White,Neg,ATB,5
PZulGuyVttV,White,Pos,ATW,3
PZulGuyVttV,White,Neg,ATB,5
PZulGuyVttV,White,Interal,EM_IM,5
PZulGuyVttV,White,Neg,ATB,5
PZulGuyVttV,White,,ContactQ,15
PZulGuyVttV,White,Interal,EM_IM,5
PZulGuyVttV,White,Manip_check,ATB,5
PZulGuyVttV,White,Manip_check,ATB,1
PZulGuyVttV,White,External,EM_IM,1
PZulGuyVttV,White,Manip_check,EM_IM,1
PZulGuyVttV,White,Manip_check,ATW,1
PZulGuyVttV,White,Pos,ATW,5
PZulGuyVttV,White,Pos,ATB,3
PZulGuyVttV,White,Pos,ATW,3
PZulGuyVttV,White,Manip_check,ATW,5
PZulGuyVttV,White,Pos,ATB,1
PZulGuyVttV,White,Pos,ATW,5
PZulGuyVttV,White,Pos,ATW,5
PZulGuyVttV,White,External,EM_IM,1
PZulGuyVttV,White,Interal,EM_IM,5
PZulGuyVttV,White,Interal,EM_IM,4
PZulGuyVttV,White,Neg,ATW,5
PZulGuyVttV,White,External,EM_IM,5
PZulGuyVttV,White,Pos,ATW,3
PZulGuyVttV,White,Interal,EM_IM,5
PZulGuyVttV,White,Pos,ATB,1
PZulGuyVttV,White,Neg,ATW,3
PZulGuyVttV,White,Neg,ATB,3
PZulGuyVttV,White,Neg,ATB,5
PZulGuyVttV,White,External,EM_IM,1
PZulGuyVttV,White,Manip_check,EM_IM,5
PZulGuyVttV,White,Pos,ATB,3
PZulGuyVttV,White,Neg,ATW,1
PZulGuyVttV,White,Neg,ATW,3
PZulGuyVttV,White,External,EM_IM,1
PZulGuyVttV,White,Neg,ATB,5
SZYrinZLZRuV,White,Neg,ATB,5
SZYrinZLZRuV,White,Neg,ATB,2
SZYrinZLZRuV,White,Pos,ATB,1
SZYrinZLZRuV,White,External,EM_IM,3
SZYrinZLZRuV,White,Interal,EM_IM,5
SZYrinZLZRuV,White,Pos,ATB,5
SZYrinZLZRuV,White,Interal,EM_IM,5
SZYrinZLZRuV,White,Neg,ATW,1
SZYrinZLZRuV,White,Manip_check,ATB,1
SZYrinZLZRuV,White,Neg,ATB,5
SZYrinZLZRuV,White,External,EM_IM,2
SZYrinZLZRuV,White,Manip_check,ATW,1
SZYrinZLZRuV,White,Neg,ATB,4
SZYrinZLZRuV,White,External,EM_IM,2
SZYrinZLZRuV,White,Interal,EM_IM,5
SZYrinZLZRuV,White,Interal,EM_IM,5
SZYrinZLZRuV,White,Pos,ATW,4
SZYrinZLZRuV,White,Pos,ATB,2
SZYrinZLZRuV,White,Interal,EM_IM,5
SZYrinZLZRuV,White,Manip_check,EM_IM,1
SZYrinZLZRuV,White,Manip_check,EM_IM,5
SZYrinZLZRuV,White,Neg,ATB,5
SZYrinZLZRuV,White,Manip_check,ATB,5
SZYrinZLZRuV,White,Manip_check,ATW,5
SZYrinZLZRuV,White,Neg,ATW,2
SZYrinZLZRuV,White,Pos,ATW,1
SZYrinZLZRuV,White,Pos,ATW,5
SZYrinZLZRuV,White,Pos,ATW,5
SZYrinZLZRuV,White,Neg,ATB,4
SZYrinZLZRuV,White,Neg,ATW,2
SZYrinZLZRuV,White,Pos,ATB,2
SZYrinZLZRuV,White,Neg,ATW,1
SZYrinZLZRuV,White,,ContactQ,42 ish
SZYrinZLZRuV,White,Pos,ATW,5
SZYrinZLZRuV,White,External,EM_IM,4
SZYrinZLZRuV,White,Pos,ATW,5
SZYrinZLZRuV,White,External,EM_IM,2
SZrZhHZyVs,White,Interal,EM_IM,5
SZrZhHZyVs,White,Manip_check,EM_IM,5
SZrZhHZyVs,White,External,EM_IM,1
SZrZhHZyVs,White,External,EM_IM,1
SZrZhHZyVs,White,Interal,EM_IM,5
SZrZhHZyVs,White,Pos,ATW,3
SZrZhHZyVs,White,Manip_check,EM_IM,1
SZrZhHZyVs,White,External,EM_IM,1
SZrZhHZyVs,White,Pos,ATW,5
SZrZhHZyVs,White,Neg,ATW,1
SZrZhHZyVs,White,Neg,ATW,1
SZrZhHZyVs,White,Interal,EM_IM,5
SZrZhHZyVs,White,Pos,ATB,1
SZrZhHZyVs,White,Pos,ATB,1
SZrZhHZyVs,White,Pos,ATB,1
SZrZhHZyVs,White,Manip_check,ATW,1
SZrZhHZyVs,White,Neg,ATB,3
SZrZhHZyVs,White,Manip_check,ATB,5
SZrZhHZyVs,White,Neg,ATB,5
SZrZhHZyVs,White,Pos,ATB,1
SZrZhHZyVs,White,External,EM_IM,1
SZrZhHZyVs,White,Manip_check,ATW,5
SZrZhHZyVs,White,Neg,ATW,1
SZrZhHZyVs,White,Neg,ATB,5
SZrZhHZyVs,White,Neg,ATB,5
SZrZhHZyVs,White,Interal,EM_IM,5
SZrZhHZyVs,White,,ContactQ,112
SZrZhHZyVs,White,Pos,ATW,1
SZrZhHZyVs,White,Neg,ATW,1
SZrZhHZyVs,White,Pos,ATW,5
SZrZhHZyVs,White,External,EM_IM,1
SZrZhHZyVs,White,Pos,ATW,5
SZrZhHZyVs,White,Manip_check,ATB,5
SZrZhHZyVs,White,Neg,ATB,5
SZrZhHZyVs,White,Interal,EM_IM,5
SZrZhHZyVs,White,Pos,ATW,1
SZrZhHZyVs,White,Neg,ATB,1
ShZvonYVrklVy,Black,Manip_check,ATB,5
ShZvonYVrklVy,Black,Pos,ATW,5
ShZvonYVrklVy,Black,Manip_check,ATW,1
ShZvonYVrklVy,Black,Neg,ATB,3
ShZvonYVrklVy,Black,Neg,ATB,5
ShZvonYVrklVy,Black,Neg,ATW,1
ShZvonYVrklVy,Black,Pos,ATW,5
ShZvonYVrklVy,Black,Manip_check,ATW,5
ShZvonYVrklVy,Black,Neg,ATW,5
ShZvonYVrklVy,Black,Neg,ATW,4
ShZvonYVrklVy,Black,Neg,ATB,5
ShZvonYVrklVy,Black,Manip_check,ATB,1
ShZvonYVrklVy,Black,Pos,ATB,1
ShZvonYVrklVy,Black,Pos,ATB,1
ShZvonYVrklVy,Black,External,EM_IM,1
ShZvonYVrklVy,Black,External,EM_IM,1
ShZvonYVrklVy,Black,Interal,EM_IM,3
ShZvonYVrklVy,Black,Manip_check,EM_IM,5
ShZvonYVrklVy,Black,Neg,ATB,5
ShZvonYVrklVy,Black,Neg,ATB,5
ShZvonYVrklVy,Black,Neg,ATW,2
ShZvonYVrklVy,Black,Pos,ATW,4
ShZvonYVrklVy,Black,Pos,ATW,3
ShZvonYVrklVy,Black,Interal,EM_IM,5
ShZvonYVrklVy,Black,Interal,EM_IM,5
ShZvonYVrklVy,Black,External,EM_IM,5
ShZvonYVrklVy,Black,Manip_check,EM_IM,1
ShZvonYVrklVy,Black,Pos,ATW,5
ShZvonYVrklVy,Black,Pos,ATW,1
ShZvonYVrklVy,Black,External,EM_IM,1
ShZvonYVrklVy,Black,Interal,EM_IM,5
ShZvonYVrklVy,Black,External,EM_IM,3
ShZvonYVrklVy,Black,Pos,ATB,3
ShZvonYVrklVy,Black,,ContactQ,10
ShZvonYVrklVy,Black,Pos,ATB,1
ShZvonYVrklVy,Black,Interal,EM_IM,5
ShZvonYVrklVy,Black,Neg,ATB,4
TZylorWilson,White,Neg,ATB,5
TZylorWilson,White,External,EM_IM,5
TZylorWilson,White,Pos,ATB,3
TZylorWilson,White,Manip_check,ATW,1
TZylorWilson,White,Neg,ATW,1
TZylorWilson,White,Manip_check,ATW,5
TZylorWilson,White,Pos,ATW,5
TZylorWilson,White,Pos,ATW,5
TZylorWilson,White,Neg,ATW,1
TZylorWilson,White,Pos,ATW,5
TZylorWilson,White,Neg,ATB,5
TZylorWilson,White,Interal,EM_IM,5
TZylorWilson,White,Interal,EM_IM,5
TZylorWilson,White,Manip_check,EM_IM,5
TZylorWilson,White,Interal,EM_IM,5
TZylorWilson,White,External,EM_IM,5
TZylorWilson,White,Manip_check,EM_IM,1
TZylorWilson,White,,ContactQ,20
TZylorWilson,White,Pos,ATB,1
TZylorWilson,White,Neg,ATB,5
TZylorWilson,White,Neg,ATB,1
TZylorWilson,White,Neg,ATB,5
TZylorWilson,White,Neg,ATB,5
TZylorWilson,White,Pos,ATW,5
TZylorWilson,White,Pos,ATW,5
TZylorWilson,White,Manip_check,ATB,1
TZylorWilson,White,Pos,ATB,1
TZylorWilson,White,Interal,EM_IM,5
TZylorWilson,White,Pos,ATW,1
TZylorWilson,White,Neg,ATW,1
TZylorWilson,White,Neg,ATW,3
TZylorWilson,White,Interal,EM_IM,5
TZylorWilson,White,External,EM_IM,5
TZylorWilson,White,External,EM_IM,5
TZylorWilson,White,External,EM_IM,5
TZylorWilson,White,Manip_check,ATB,5
TZylorWilson,White,Pos,ATB,1
TylVrPZrkVr,White,,ContactQ,0
TylVrPZrkVr,White,Manip_check,ATW,5
TylVrPZrkVr,White,Interal,EM_IM,3
TylVrPZrkVr,White,Pos,ATW,3
TylVrPZrkVr,White,Manip_check,ATW,1
TylVrPZrkVr,White,Pos,ATW,2
TylVrPZrkVr,White,Pos,ATW,3
TylVrPZrkVr,White,Neg,ATB,4
TylVrPZrkVr,White,Pos,ATB,2
TylVrPZrkVr,White,Pos,ATB,3
TylVrPZrkVr,White,Manip_check,ATB,1
TylVrPZrkVr,White,Neg,ATB,3
TylVrPZrkVr,White,Neg,ATB,2
TylVrPZrkVr,White,Pos,ATB,3
TylVrPZrkVr,White,Manip_check,ATB,5
TylVrPZrkVr,White,Pos,ATW,4
TylVrPZrkVr,White,Neg,ATW,2
TylVrPZrkVr,White,Interal,EM_IM,4
TylVrPZrkVr,White,Pos,ATW,5
TylVrPZrkVr,White,Neg,ATB,3
TylVrPZrkVr,White,External,EM_IM,1
TylVrPZrkVr,White,External,EM_IM,3
TylVrPZrkVr,White,Interal,EM_IM,3
TylVrPZrkVr,White,External,EM_IM,4
TylVrPZrkVr,White,External,EM_IM,1
TylVrPZrkVr,White,External,EM_IM,1
TylVrPZrkVr,White,Interal,EM_IM,3
TylVrPZrkVr,White,Pos,ATW,3
TylVrPZrkVr,White,Manip_check,EM_IM,5
TylVrPZrkVr,White,Neg,ATB,3
TylVrPZrkVr,White,Neg,ATB,5
TylVrPZrkVr,White,Interal,EM_IM,4
TylVrPZrkVr,White,Pos,ATB,3
TylVrPZrkVr,White,Neg,ATW,3
TylVrPZrkVr,White,Neg,ATW,2
TylVrPZrkVr,White,Neg,ATW,3
TylVrPZrkVr,White,Manip_check,EM_IM,1
ZZXhZryWVVY,White,Manip_check,ATB,1
ZZXhZryWVVY,White,Neg,ATB,4
ZZXhZryWVVY,White,Neg,ATB,4
ZZXhZryWVVY,White,Pos,ATB,1
ZZXhZryWVVY,White,Manip_check,ATW,1
ZZXhZryWVVY,White,Pos,ATW,2
ZZXhZryWVVY,White,Pos,ATW,4
ZZXhZryWVVY,White,Pos,ATB,2
ZZXhZryWVVY,White,External,EM_IM,3
ZZXhZryWVVY,White,External,EM_IM,2
ZZXhZryWVVY,White,Neg,ATB,2
ZZXhZryWVVY,White,Manip_check,EM_IM,1
ZZXhZryWVVY,White,External,EM_IM,3
ZZXhZryWVVY,White,Pos,ATW,2
ZZXhZryWVVY,White,Pos,ATW,3
ZZXhZryWVVY,White,Pos,ATW,4
ZZXhZryWVVY,White,Interal,EM_IM,4
ZZXhZryWVVY,White,Manip_check,ATW,5
ZZXhZryWVVY,White,External,EM_IM,2
ZZXhZryWVVY,White,Manip_check,EM_IM,5
ZZXhZryWVVY,White,Interal,EM_IM,4
ZZXhZryWVVY,White,,ContactQ,40
ZZXhZryWVVY,White,Neg,ATW,2
ZZXhZryWVVY,White,Interal,EM_IM,5
ZZXhZryWVVY,White,External,EM_IM,3
ZZXhZryWVVY,White,Pos,ATW,5
ZZXhZryWVVY,White,Interal,EM_IM,4
ZZXhZryWVVY,White,Neg,ATW,2
ZZXhZryWVVY,White,Interal,EM_IM,4
ZZXhZryWVVY,White,Manip_check,ATB,5
ZZXhZryWVVY,White,Neg,ATW,2
ZZXhZryWVVY,White,Pos,ATB,1
ZZXhZryWVVY,White,Neg,ATB,4
ZZXhZryWVVY,White,Pos,ATB,3
ZZXhZryWVVY,White,Neg,ATB,3
ZZXhZryWVVY,White,Neg,ATW,3
ZZXhZryWVVY,White,Neg,ATB,4
